Species Code,SPECIES TOTAL,Latitude,Longitude,DATE
RIWH  ,1,42.05167,-70.15833,12/13/1998
RIWH  ,1,42.05167,-70.14833,12/13/1998
RIWH  ,1,41.86000,-70.26334,12/13/1998
RIWH  ,2,41.79167,-70.35333,12/13/1998
RIWH  ,1,41.83333,-70.15833,1/6/1999
RIWH  ,2,41.84167,-70.17834,1/6/1999
RIWH  ,2,41.85833,-70.17333,1/6/1999
RIWH  ,1,41.79167,-70.24167,1/6/1999
RIWH  ,1,41.77500,-70.21167,1/8/1999
RIWH  ,1,41.96833,-70.15166,1/8/1999
RIWH  ,2,41.84833,-70.19833,1/8/1999
RIWH  ,1,41.85167,-70.20333,1/8/1999
RIWH  ,1,41.84500,-70.18166,1/8/1999
RIWH  ,2,41.84500,-70.18667,1/8/1999
RIWH  ,1,41.81667,-70.32833,1/21/1999
RIWH  ,1,41.83333,-70.23000,1/21/1999
RIWH  ,1,41.83333,-70.16167,1/21/1999
RIWH  ,2,41.83333,-70.16167,1/21/1999
RIWH  ,1,41.76833,-70.22500,1/21/1999
RIWH  ,1,41.88667,-70.20834,1/22/1999
RIWH  ,1,41.88500,-70.21833,1/22/1999
RIWH  ,1,41.88000,-70.22000,1/22/1999
RIWH  ,1,41.92333,-70.17500,1/26/1999
RIWH  ,1,41.88833,-70.30500,1/26/1999
RIWH  ,1,41.88833,-70.30500,1/26/1999
RIWH  ,1,41.88167,-70.31500,1/26/1999
RIWH  ,1,41.75167,-70.23000,1/26/1999
RIWH  ,1,41.75500,-70.23000,1/26/1999
RIWH  ,1,41.75667,-70.23000,1/26/1999
RIWH  ,2,41.75667,-70.23000,1/26/1999
RIWH  ,1,41.90667,-70.29667,2/1/1999
RIWH  ,1,41.90500,-70.30000,2/1/1999
RIWH  ,1,41.84167,-70.30500,2/1/1999
RIWH  ,1,41.82500,-70.32333,2/1/1999
RIWH  ,1,41.81667,-70.32500,2/1/1999
RIWH  ,1,41.82333,-70.32667,2/1/1999
RIWH  ,1,41.83333,-70.33000,2/1/1999
RIWH  ,1,41.83333,-70.31000,2/1/1999
RIWH  ,1,41.83333,-70.30833,2/1/1999
RIWH  ,1,41.83667,-70.29333,2/1/1999
RIWH  ,1,41.85000,-70.35833,2/1/1999
RIWH  ,1,41.84167,-70.32500,2/1/1999
RIWH  ,1,41.83000,-70.33334,2/1/1999
RIWH  ,1,41.84667,-70.33667,2/1/1999
RIWH  ,1,41.83167,-70.10500,2/1/1999
RIWH  ,1,41.81833,-70.33334,2/1/1999
RIWH  ,1,41.85833,-70.32500,1/27/1999
RIWH  ,1,41.87833,-70.30666,1/27/1999
RIWH  ,1,41.86000,-70.31834,1/27/1999
RIWH  ,1,41.85667,-70.34000,1/27/1999
RIWH  ,2,41.85833,-70.31834,1/27/1999
RIWH  ,2,41.85667,-70.33833,1/27/1999
RIWH  ,1,41.85667,-70.33833,1/27/1999
RIWH  ,1,41.87667,-70.32000,1/27/1999
RIWH  ,1,41.86666,-70.32667,1/27/1999
RIWH  ,1,41.86500,-70.31000,1/27/1999
RIWH  ,1,41.88500,-70.32166,1/27/1999
RIWH  ,1,41.91333,-70.30833,1/27/1999
RIWH  ,1,41.82000,-70.29333,2/2/1999
RIWH  ,1,41.85167,-70.31000,2/2/1999
RIWH  ,1,41.85333,-70.29667,2/2/1999
RIWH  ,2,41.92000,-70.34000,2/2/1999
RIWH  ,1,41.89500,-70.24667,2/2/1999
RIWH  ,1,41.88833,-70.25166,2/2/1999
RIWH  ,2,41.88667,-70.26334,2/2/1999
RIWH  ,1,41.91833,-70.29333,2/2/1999
RIWH  ,1,41.90833,-70.21333,2/15/1999
RIWH  ,1,41.90167,-70.20500,2/15/1999
RIWH  ,1,41.89500,-70.21333,2/15/1999
RIWH  ,1,41.95167,-70.17500,2/15/1999
RIWH  ,1,41.96000,-70.17667,2/16/1999
RIWH  ,1,41.91333,-70.19000,2/16/1999
RIWH  ,2,41.86833,-70.32000,2/16/1999
RIWH  ,1,41.88334,-70.27834,2/16/1999
RIWH  ,1,41.87333,-70.33334,2/16/1999
RIWH  ,1,41.86833,-70.30000,2/16/1999
RIWH  ,1,41.87500,-70.26334,2/16/1999
RIWH  ,1,41.85833,-70.25500,2/16/1999
RIWH  ,1,41.87167,-70.26500,2/16/1999
RIWH  ,1,41.86333,-70.25333,2/16/1999
RIWH  ,1,41.85000,-70.24667,2/16/1999
RIWH  ,1,41.87333,-70.24667,2/16/1999
RIWH  ,1,41.87500,-70.26167,2/16/1999
RIWH  ,1,41.85000,-70.26334,2/16/1999
RIWH  ,1,41.86666,-70.25833,2/16/1999
RIWH  ,1,41.87333,-70.25500,2/16/1999
RIWH  ,1,41.80667,-70.24167,2/17/1999
RIWH  ,1,41.83333,-70.16666,2/17/1999
RIWH  ,1,41.85667,-70.27167,2/17/1999
RIWH  ,1,41.89333,-70.19000,2/17/1999
RIWH  ,1,41.88334,-70.29667,2/17/1999
RIWH  ,1,41.90833,-70.20000,2/17/1999
RIWH  ,1,41.78667,-70.35833,3/3/1999
RIWH  ,1,41.78667,-70.35833,3/3/1999
RIWH  ,1,41.84000,-70.27167,3/3/1999
RIWH  ,1,41.85667,-70.25333,3/3/1999
RIWH  ,1,41.85167,-70.25667,3/3/1999
RIWH  ,1,41.84833,-70.26334,3/3/1999
RIWH  ,2,41.85000,-70.26334,3/3/1999
RIWH  ,2,41.84833,-70.26334,3/3/1999
RIWH  ,1,41.86333,-70.26334,3/3/1999
RIWH  ,1,41.83500,-70.27000,3/3/1999
RIWH  ,1,41.85167,-70.25833,3/3/1999
RIWH  ,1,41.83833,-70.27000,3/3/1999
RIWH  ,1,41.85833,-70.27834,3/3/1999
RIWH  ,1,41.88833,-70.19500,3/3/1999
RIWH  ,1,41.88833,-70.19334,3/3/1999
RIWH  ,1,41.90000,-70.18166,3/3/1999
RIWH  ,1,41.89500,-70.18000,3/3/1999
RIWH  ,1,41.89500,-70.19833,3/3/1999
RIWH  ,1,41.88334,-70.22334,3/3/1999
RIWH  ,1,41.87667,-70.24000,3/3/1999
RIWH  ,1,41.98167,-70.21833,3/3/1999
RIWH  ,1,41.85167,-70.34666,2/24/1999
RIWH  ,1,41.85500,-70.36000,2/24/1999
RIWH  ,1,41.85500,-70.36667,2/24/1999
RIWH  ,2,41.85833,-70.36000,2/24/1999
RIWH  ,1,41.87167,-70.34000,2/24/1999
RIWH  ,1,41.91000,-70.29833,2/24/1999
RIWH  ,1,41.91000,-70.32833,2/24/1999
RIWH  ,1,41.93667,-70.16000,2/24/1999
RIWH  ,1,41.86500,-70.28833,2/28/1999
RIWH  ,1,41.86333,-70.27834,2/28/1999
RIWH  ,1,41.93667,-70.24500,2/28/1999
RIWH  ,1,41.94000,-70.17000,2/28/1999
RIWH  ,2,41.97000,-70.18500,2/28/1999
RIWH  ,1,41.84667,-70.25000,3/6/1999
RIWH  ,1,41.85833,-70.26167,3/6/1999
RIWH  ,1,41.85167,-70.27167,3/6/1999
RIWH  ,1,41.85167,-70.26500,3/6/1999
RIWH  ,1,41.85833,-70.28333,3/6/1999
RIWH  ,1,41.89833,-70.17333,3/6/1999
RIWH  ,1,42.00333,-70.21167,3/10/1999
RIWH  ,1,42.01000,-70.21000,3/10/1999
RIWH  ,1,41.99500,-70.19500,3/10/1999
RIWH  ,2,42.04000,-70.23167,3/10/1999
RIWH  ,1,41.98667,-70.13667,3/14/1999
RIWH  ,1,41.98667,-70.14333,3/14/1999
RIWH  ,1,41.99166,-70.12666,3/14/1999
RIWH  ,1,41.99500,-70.13167,3/14/1999
RIWH  ,1,41.98333,-70.14000,3/14/1999
RIWH  ,1,41.98333,-70.14167,3/14/1999
RIWH  ,1,41.98500,-70.14667,3/14/1999
RIWH  ,1,41.99166,-70.15334,3/14/1999
RIWH  ,1,41.99833,-70.14667,3/14/1999
RIWH  ,1,41.99000,-70.13333,3/14/1999
RIWH  ,1,41.97167,-70.13667,3/14/1999
RIWH  ,1,41.97833,-70.13167,3/14/1999
RIWH  ,1,41.96667,-70.13167,3/14/1999
RIWH  ,1,41.88000,-70.22334,3/14/1999
RIWH  ,1,41.91000,-70.24333,3/14/1999
RIWH  ,1,41.90833,-70.22833,3/14/1999
RIWH  ,1,41.88667,-70.24333,3/14/1999
RIWH  ,1,41.88334,-70.23167,3/14/1999
RIWH  ,2,41.99672,-70.15868,1/17/2011
RIWH  ,1,41.97835,-70.52946,4/1/2007
RIWH  ,1,42.00052,-70.50630,4/1/2007
RIWH  ,1,41.90832,-70.19007,4/1/2007
RIWH  ,3,41.90576,-70.34368,4/1/2007
RIWH  ,2,41.89342,-70.43481,4/1/2007
RIWH  ,1,41.88008,-70.36166,4/1/2007
RIWH  ,3,41.86235,-70.24758,4/1/2007
RIWH  ,1,41.85601,-70.25551,4/1/2007
RIWH  ,1,41.87193,-70.26747,4/1/2007
RIWH  ,1,41.89378,-70.15264,4/1/2007
RIWH  ,2,41.86147,-70.18454,4/1/2007
RIWH  ,1,41.88061,-70.28206,4/1/2007
RIWH  ,2,41.86176,-70.38786,4/1/2007
RIWH  ,2,41.80013,-70.24633,4/1/2007
RIWH  ,1,41.79902,-70.24568,4/1/2007
RIWH  ,1,41.93090,-70.20745,3/1/2007
RIWH  ,1,41.94143,-70.20029,3/1/2007
RIWH  ,1,41.90662,-70.20830,3/1/2007
RIWH  ,1,41.83547,-70.38702,3/1/2007
RIWH  ,1,41.87749,-70.35944,3/3/2007
RIWH  ,2,41.98838,-70.32715,4/7/2007
RIWH  ,1,41.98235,-70.31702,4/7/2007
RIWH  ,1,41.98224,-70.35019,4/7/2007
RIWH  ,2,41.98347,-70.46727,4/7/2007
RIWH  ,1,42.04707,-70.24514,4/7/2007
RIWH  ,1,42.05043,-70.25174,4/7/2007
RIWH  ,1,42.04537,-70.24879,4/7/2007
RIWH  ,1,42.04602,-70.24405,4/7/2007
RIWH  ,1,42.04958,-70.01811,4/7/2007
RIWH  ,2,42.04612,-70.27201,5/5/2007
RIWH  ,1,42.00254,-70.21726,5/5/2007
RIWH  ,1,41.98584,-70.29099,5/5/2007
RIWH  ,1,41.98256,-70.29491,5/5/2007
RIWH  ,1,41.92709,-70.26232,5/5/2007
RIWH  ,1,41.83883,-70.43127,5/5/2007
RIWH  ,1,41.79680,-70.47078,5/5/2007
RIWH  ,2,41.76860,-70.20584,5/5/2007
RIWH  ,1,41.99999,-70.23877,5/7/2007
RIWH  ,1,41.94554,-70.22648,5/7/2007
RIWH  ,1,41.95272,-70.28829,5/7/2007
RIWH  ,1,41.80523,-70.19514,5/7/2007
RIWH  ,1,41.78004,-70.28597,5/7/2007
RIWH  ,1,41.75932,-70.20763,5/7/2007
RIWH  ,1,42.03988,-70.25203,3/9/2007
RIWH  ,3,42.01461,-70.22320,3/9/2007
RIWH  ,1,42.03645,-70.34854,3/9/2007
RIWH  ,1,41.98755,-70.21081,3/9/2007
RIWH  ,1,41.99662,-70.19704,3/9/2007
RIWH  ,1,41.97387,-70.21410,3/9/2007
RIWH  ,1,41.98737,-70.24991,3/9/2007
RIWH  ,1,41.96135,-70.29876,3/9/2007
RIWH  ,1,41.82931,-70.49619,5/9/2007
RIWH  ,1,41.90935,-70.17969,5/9/2007
RIWH  ,3,41.80176,-70.34446,4/11/2007
RIWH  ,1,41.88474,-70.28613,4/11/2007
RIWH  ,1,41.88519,-70.28699,4/11/2007
RIWH  ,1,41.88362,-70.28410,4/11/2007
RIWH  ,1,41.88345,-70.28404,4/11/2007
RIWH  ,1,41.88293,-70.28883,4/11/2007
RIWH  ,3,41.88581,-70.28470,4/11/2007
RIWH  ,1,41.88565,-70.28466,4/11/2007
RIWH  ,1,41.88278,-70.28783,4/11/2007
RIWH  ,1,41.87597,-70.29070,4/11/2007
RIWH  ,1,41.89697,-70.27891,4/11/2007
RIWH  ,1,41.90407,-70.27256,4/11/2007
RIWH  ,1,41.90556,-70.27463,4/11/2007
RIWH  ,1,41.90137,-70.27242,4/11/2007
RIWH  ,1,41.90168,-70.26921,4/11/2007
RIWH  ,1,41.89931,-70.26736,4/11/2007
RIWH  ,1,41.90112,-70.26661,4/11/2007
RIWH  ,1,41.90079,-70.27177,4/11/2007
RIWH  ,1,41.90194,-70.26670,4/11/2007
RIWH  ,1,41.90060,-70.27163,4/11/2007
RIWH  ,1,41.89940,-70.26852,4/11/2007
RIWH  ,1,41.90357,-70.26382,4/11/2007
RIWH  ,1,41.90487,-70.26615,4/11/2007
RIWH  ,1,41.90535,-70.26646,4/11/2007
RIWH  ,1,41.90316,-70.26653,4/11/2007
RIWH  ,1,41.89972,-70.27088,4/11/2007
RIWH  ,1,41.90260,-70.27633,4/11/2007
RIWH  ,1,41.83867,-70.27652,4/11/2007
RIWH  ,1,41.88200,-70.31121,4/11/2007
RIWH  ,1,41.85683,-70.29015,4/11/2007
RIWH  ,1,41.87157,-70.33234,4/11/2007
RIWH  ,1,41.96209,-70.27210,4/11/2007
RIWH  ,1,41.95252,-70.26701,4/11/2007
RIWH  ,4,41.93965,-70.26451,4/11/2007
RIWH  ,1,41.94362,-70.26177,4/11/2007
RIWH  ,1,41.96776,-70.18747,4/11/2007
RIWH  ,1,41.94461,-70.31212,4/11/2007
RIWH  ,1,41.94532,-70.29453,4/11/2007
RIWH  ,1,42.01693,-70.44016,4/11/2007
RIWH  ,1,42.02295,-70.22669,4/11/2007
RIWH  ,1,42.02421,-70.00011,3/12/2007
RIWH  ,1,42.02542,-70.23782,3/12/2007
RIWH  ,1,41.89019,-70.39732,3/12/2007
RIWH  ,1,41.84121,-70.36680,3/12/2007
RIWH  ,3,41.80273,-70.36735,3/12/2007
RIWH  ,1,41.80434,-70.35988,3/12/2007
RIWH  ,1,41.80327,-70.36201,3/12/2007
RIWH  ,1,41.80178,-70.36878,3/12/2007
RIWH  ,1,41.80522,-70.35883,3/12/2007
RIWH  ,2,41.80426,-70.07568,5/13/2007
RIWH  ,2,41.87999,-70.21651,4/21/2007
RIWH  ,1,41.88384,-70.21268,4/21/2007
RIWH  ,1,41.88611,-70.20397,4/21/2007
RIWH  ,1,41.99484,-70.20839,2/21/2007
RIWH  ,1,41.98528,-70.19008,2/21/2007
RIWH  ,2,41.80125,-70.30034,3/21/2007
RIWH  ,1,41.80837,-70.29617,3/21/2007
RIWH  ,1,41.80354,-70.32274,3/21/2007
RIWH  ,1,41.79384,-70.33179,3/21/2007
RIWH  ,1,41.81663,-70.36826,3/21/2007
RIWH  ,3,41.93298,-70.17412,4/22/2007
RIWH  ,1,41.92920,-70.18198,4/22/2007
RIWH  ,1,41.92606,-70.27156,4/22/2007
RIWH  ,2,41.95251,-70.11066,2/22/2007
RIWH  ,2,41.96118,-70.51788,2/22/2007
RIWH  ,2,41.93125,-70.36632,2/22/2007
RIWH  ,4,41.91225,-70.12936,2/22/2007
RIWH  ,2,41.79311,-70.27047,3/23/2007
RIWH  ,2,41.79657,-70.33747,3/23/2007
RIWH  ,1,41.79179,-70.34044,3/23/2007
RIWH  ,1,41.79182,-70.33938,3/23/2007
RIWH  ,2,41.79558,-70.34237,3/23/2007
RIWH  ,5,41.81626,-70.30941,3/23/2007
RIWH  ,5,41.85821,-70.20822,3/23/2007
RIWH  ,1,41.88092,-70.20232,3/23/2007
RIWH  ,1,41.86949,-70.21818,3/23/2007
RIWH  ,1,41.89979,-70.22585,3/23/2007
RIWH  ,2,41.93242,-70.16953,3/23/2007
RIWH  ,1,41.92636,-70.15971,3/23/2007
RIWH  ,1,41.90628,-70.18410,3/23/2007
RIWH  ,2,41.78438,-70.26587,3/24/2007
RIWH  ,1,41.79479,-70.28557,3/24/2007
RIWH  ,1,41.77757,-70.28355,3/24/2007
RIWH  ,2,41.79663,-70.28909,3/24/2007
RIWH  ,1,41.83266,-70.25070,3/24/2007
RIWH  ,3,41.82127,-70.28484,3/24/2007
RIWH  ,2,41.83895,-70.26213,3/24/2007
RIWH  ,1,41.85076,-70.24367,3/24/2007
RIWH  ,1,41.84802,-70.24485,3/24/2007
RIWH  ,1,41.87431,-70.23962,3/24/2007
RIWH  ,1,41.87127,-70.23675,3/24/2007
RIWH  ,1,41.86034,-70.24068,3/24/2007
RIWH  ,1,41.88335,-70.19044,3/24/2007
RIWH  ,1,41.87870,-70.19471,3/24/2007
RIWH  ,2,41.88239,-70.19929,3/24/2007
RIWH  ,1,41.87514,-70.24049,3/24/2007
RIWH  ,3,41.87509,-70.24111,3/24/2007
RIWH  ,1,41.91222,-70.24908,3/24/2007
RIWH  ,1,42.01657,-70.00978,4/25/2007
RIWH  ,1,42.05442,-70.28202,4/25/2007
RIWH  ,1,42.04862,-70.28247,4/25/2007
RIWH  ,1,42.04430,-70.27609,4/25/2007
RIWH  ,2,42.03804,-70.27356,4/25/2007
RIWH  ,1,42.03308,-70.26799,4/25/2007
RIWH  ,1,42.03139,-70.26258,4/25/2007
RIWH  ,1,42.03638,-70.26847,4/25/2007
RIWH  ,2,42.03068,-70.26646,4/25/2007
RIWH  ,1,42.02712,-70.25709,4/25/2007
RIWH  ,1,42.02833,-70.25845,4/25/2007
RIWH  ,1,42.02798,-70.26431,4/25/2007
RIWH  ,1,42.03154,-70.26073,4/25/2007
RIWH  ,2,42.02475,-70.25837,4/25/2007
RIWH  ,1,42.02367,-70.25751,4/25/2007
RIWH  ,1,42.02434,-70.25285,4/25/2007
RIWH  ,1,42.02386,-70.25549,4/25/2007
RIWH  ,2,42.01966,-70.24728,4/25/2007
RIWH  ,1,42.05208,-70.34657,4/25/2007
RIWH  ,1,42.05064,-70.42734,4/25/2007
RIWH  ,2,42.05337,-70.42339,4/25/2007
RIWH  ,1,42.02145,-70.19609,4/25/2007
RIWH  ,2,41.99203,-70.14523,4/25/2007
RIWH  ,1,41.95216,-70.18745,2/25/2007
RIWH  ,1,41.95599,-70.18433,2/25/2007
RIWH  ,1,41.95091,-70.19292,2/25/2007
RIWH  ,1,41.93669,-70.17176,2/25/2007
RIWH  ,1,41.94346,-70.16924,2/25/2007
RIWH  ,4,41.96523,-70.18217,2/25/2007
RIWH  ,1,41.92694,-70.29222,2/25/2007
RIWH  ,1,41.93589,-70.11611,2/25/2007
RIWH  ,1,42.05132,-70.24548,4/26/2007
RIWH  ,1,42.02576,-70.28915,4/26/2007
RIWH  ,1,42.04739,-70.30035,4/26/2007
RIWH  ,1,42.03931,-70.30029,4/26/2007
RIWH  ,1,42.01623,-70.28027,4/26/2007
RIWH  ,3,41.99917,-70.12701,4/26/2007
RIWH  ,3,41.96776,-70.22112,4/26/2007
RIWH  ,2,41.96932,-70.22055,4/26/2007
RIWH  ,1,42.00641,-70.24329,4/26/2007
RIWH  ,1,41.98116,-70.21729,4/26/2007
RIWH  ,1,41.95155,-70.16411,4/26/2007
RIWH  ,3,42.05391,-70.06373,2/27/2007
RIWH  ,1,41.90558,-70.32083,2/27/2007
RIWH  ,6,41.85480,-70.34748,2/27/2007
RIWH  ,1,41.85760,-70.34797,2/27/2007
RIWH  ,1,41.90699,-70.32314,2/27/2007
RIWH  ,1,41.85521,-70.21185,2/27/2007
RIWH  ,1,41.86584,-70.21280,2/27/2007
RIWH  ,1,41.84620,-70.28265,2/27/2007
RIWH  ,3,41.83883,-70.21019,3/31/2007
RIWH  ,2,41.89030,-70.26735,3/31/2007
RIWH  ,1,41.89592,-70.27509,3/31/2007
RIWH  ,9,41.89595,-70.26974,3/31/2007
RIWH  ,1,41.99331,-70.25262,3/31/2007
RIWH  ,1,42.02356,-70.23763,3/31/2007
RIWH  ,1,42.04501,-70.27822,3/31/2007
RIWH  ,1,42.03507,-70.47717,3/31/2007
RIWH  ,1,42.05549,-70.52343,3/31/2007
RIWH  ,1,41.80469,-70.35825,1/12/2008
RIWH  ,1,41.96252,-70.09212,2/3/2008
RIWH  ,1,41.76221,-70.29519,2/3/2008
RIWH  ,1,41.86440,-70.37405,2/21/2008
RIWH  ,1,41.92080,-70.28683,2/25/2008
RIWH  ,1,41.87007,-70.29417,2/29/2008
RIWH  ,1,41.87056,-70.29109,2/29/2008
RIWH  ,1,41.93659,-70.22633,2/29/2008
RIWH  ,1,41.93774,-70.22939,2/29/2008
RIWH  ,1,41.94814,-70.31748,2/29/2008
RIWH  ,1,41.91602,-70.27295,3/6/2008
RIWH  ,1,41.91992,-70.26957,3/6/2008
RIWH  ,1,41.91620,-70.29582,3/6/2008
RIWH  ,4,41.90688,-70.19712,3/6/2008
RIWH  ,1,41.92480,-70.22683,3/6/2008
RIWH  ,1,41.90609,-70.21486,3/6/2008
RIWH  ,2,41.97398,-70.21722,3/11/2008
RIWH  ,1,41.96784,-70.22529,3/11/2008
RIWH  ,1,41.96739,-70.22469,3/11/2008
RIWH  ,1,41.97178,-70.21596,3/11/2008
RIWH  ,1,41.97012,-70.23426,3/11/2008
RIWH  ,1,41.96507,-70.22624,3/11/2008
RIWH  ,2,41.96313,-70.22117,3/11/2008
RIWH  ,2,41.96236,-70.20962,3/11/2008
RIWH  ,1,41.98499,-70.21391,3/11/2008
RIWH  ,1,41.99790,-70.20910,3/14/2008
RIWH  ,2,41.99978,-70.21569,3/14/2008
RIWH  ,2,42.00854,-70.24140,3/14/2008
RIWH  ,1,42.00440,-70.23625,3/14/2008
RIWH  ,1,42.00586,-70.24511,3/14/2008
RIWH  ,2,42.00255,-70.23459,3/14/2008
RIWH  ,1,42.00276,-70.24602,3/14/2008
RIWH  ,1,41.99872,-70.24398,3/14/2008
RIWH  ,2,42.00181,-70.23222,3/14/2008
RIWH  ,1,42.00267,-70.21994,3/14/2008
RIWH  ,1,41.99376,-70.27090,3/14/2008
RIWH  ,1,41.97322,-70.25400,3/14/2008
RIWH  ,1,41.98784,-70.24758,3/14/2008
RIWH  ,1,41.98007,-70.25035,3/14/2008
RIWH  ,1,41.91813,-70.17786,3/18/2008
RIWH  ,1,41.95683,-70.18681,3/18/2008
RIWH  ,3,42.03032,-70.21899,3/18/2008
RIWH  ,1,41.94438,-70.20562,3/24/2008
RIWH  ,1,41.94744,-70.22544,3/24/2008
RIWH  ,3,41.96900,-70.21069,3/24/2008
RIWH  ,1,41.94859,-70.24218,3/24/2008
RIWH  ,2,41.96165,-70.30615,3/24/2008
RIWH  ,4,41.90383,-70.27708,3/24/2008
RIWH  ,2,41.84513,-70.38145,3/27/2008
RIWH  ,1,41.95371,-70.40496,3/27/2008
RIWH  ,1,41.94988,-70.39089,3/27/2008
RIWH  ,1,41.97310,-70.40474,3/27/2008
RIWH  ,1,41.95995,-70.39521,3/27/2008
RIWH  ,1,41.97131,-70.41649,3/27/2008
RIWH  ,1,41.97231,-70.41040,3/27/2008
RIWH  ,1,41.95107,-70.40565,3/27/2008
RIWH  ,1,41.95323,-70.39248,3/27/2008
RIWH  ,1,41.94890,-70.39857,3/27/2008
RIWH  ,1,41.95142,-70.39780,3/27/2008
RIWH  ,1,41.94550,-70.39262,3/27/2008
RIWH  ,1,41.94106,-70.39278,3/27/2008
RIWH  ,5,41.82835,-70.49297,4/8/2008
RIWH  ,3,41.82574,-70.36904,4/8/2008
RIWH  ,1,41.83427,-70.37395,4/8/2008
RIWH  ,1,41.84911,-70.32036,4/8/2008
RIWH  ,1,41.85148,-70.31689,4/8/2008
RIWH  ,1,41.84868,-70.32021,4/8/2008
RIWH  ,1,41.85239,-70.31982,4/8/2008
RIWH  ,1,41.84925,-70.32539,4/8/2008
RIWH  ,1,41.84894,-70.31977,4/8/2008
RIWH  ,1,41.85571,-70.31801,4/8/2008
RIWH  ,1,41.85486,-70.31597,4/8/2008
RIWH  ,5,41.83722,-70.32887,4/8/2008
RIWH  ,1,41.84097,-70.33640,4/8/2008
RIWH  ,1,41.83256,-70.33695,4/8/2008
RIWH  ,1,41.84962,-70.38774,4/8/2008
RIWH  ,1,41.84466,-70.38402,4/8/2008
RIWH  ,3,41.84560,-70.35594,4/8/2008
RIWH  ,1,41.87692,-70.48172,4/8/2008
RIWH  ,1,41.90473,-70.43773,4/8/2008
RIWH  ,4,41.89832,-70.43363,4/8/2008
RIWH  ,1,41.82565,-70.31796,4/9/2008
RIWH  ,4,41.84029,-70.31565,4/9/2008
RIWH  ,1,41.82511,-70.37160,4/9/2008
RIWH  ,2,41.84517,-70.34660,4/9/2008
RIWH  ,1,41.84357,-70.32175,4/9/2008
RIWH  ,2,41.86559,-70.46032,4/9/2008
RIWH  ,1,41.86016,-70.48505,4/9/2008
RIWH  ,1,41.86283,-70.46721,4/9/2008
RIWH  ,1,41.86947,-70.44102,4/9/2008
RIWH  ,1,41.87895,-70.41660,4/9/2008
RIWH  ,1,41.87135,-70.37791,4/9/2008
RIWH  ,2,41.86343,-70.37563,4/9/2008
RIWH  ,2,41.86794,-70.36897,4/9/2008
RIWH  ,1,41.86542,-70.37356,4/9/2008
RIWH  ,2,41.86745,-70.37687,4/9/2008
RIWH  ,5,41.86489,-70.36857,4/9/2008
RIWH  ,1,41.86811,-70.36848,4/9/2008
RIWH  ,3,41.86492,-70.37913,4/9/2008
RIWH  ,2,41.86272,-70.37669,4/9/2008
RIWH  ,2,41.86697,-70.37247,4/9/2008
RIWH  ,1,41.86319,-70.36987,4/9/2008
RIWH  ,3,41.86633,-70.37937,4/9/2008
RIWH  ,1,41.85903,-70.38283,4/9/2008
RIWH  ,1,41.86705,-70.36507,4/9/2008
RIWH  ,1,41.85934,-70.29527,4/9/2008
RIWH  ,1,41.86248,-70.29722,4/9/2008
RIWH  ,1,41.86026,-70.29661,4/9/2008
RIWH  ,1,41.83945,-70.30655,4/9/2008
RIWH  ,1,41.84053,-70.30666,4/9/2008
RIWH  ,1,41.85461,-70.30247,4/9/2008
RIWH  ,1,41.85475,-70.30510,4/9/2008
RIWH  ,1,41.85725,-70.30307,4/9/2008
RIWH  ,3,41.85397,-70.30458,4/9/2008
RIWH  ,1,41.89874,-70.27583,4/9/2008
RIWH  ,1,41.90145,-70.27502,4/9/2008
RIWH  ,1,41.88453,-70.28333,4/9/2008
RIWH  ,2,41.88661,-70.28751,4/9/2008
RIWH  ,1,41.88527,-70.44892,4/9/2008
RIWH  ,2,41.88891,-70.45126,4/9/2008
RIWH  ,1,41.88196,-70.45827,4/9/2008
RIWH  ,1,41.87734,-70.49728,4/9/2008
RIWH  ,1,41.87201,-70.50856,4/9/2008
RIWH  ,1,41.91050,-70.30202,4/9/2008
RIWH  ,1,41.91140,-70.30055,4/9/2008
RIWH  ,1,41.91351,-70.26676,4/9/2008
RIWH  ,2,41.91488,-70.26478,4/9/2008
RIWH  ,3,42.05648,-70.27972,4/10/2008
RIWH  ,1,42.03246,-70.45638,4/10/2008
RIWH  ,2,42.05127,-70.23082,4/10/2008
RIWH  ,1,42.04886,-70.24893,4/10/2008
RIWH  ,1,42.05260,-70.24014,4/10/2008
RIWH  ,1,42.05704,-70.24742,4/10/2008
RIWH  ,1,42.04165,-70.22811,4/10/2008
RIWH  ,1,42.04018,-70.23273,4/10/2008
RIWH  ,1,42.02037,-70.21409,4/10/2008
RIWH  ,2,42.02651,-70.15414,4/10/2008
RIWH  ,1,42.02526,-70.15332,4/10/2008
RIWH  ,3,42.02291,-70.14745,4/10/2008
RIWH  ,6,42.00728,-70.12193,4/10/2008
RIWH  ,4,42.00645,-70.14935,4/10/2008
RIWH  ,1,41.80753,-70.36132,4/11/2008
RIWH  ,4,41.80330,-70.34461,4/11/2008
RIWH  ,1,41.82600,-70.33922,4/11/2008
RIWH  ,1,41.84539,-70.31234,4/11/2008
RIWH  ,1,41.86098,-70.40524,4/11/2008
RIWH  ,5,41.86242,-70.40857,4/11/2008
RIWH  ,1,41.86968,-70.40579,4/11/2008
RIWH  ,1,41.86308,-70.31436,4/11/2008
RIWH  ,1,41.88097,-70.28735,4/11/2008
RIWH  ,2,41.87460,-70.32381,4/11/2008
RIWH  ,1,42.03745,-70.29491,4/14/2008
RIWH  ,2,41.99520,-70.31630,4/14/2008
RIWH  ,8,41.93056,-70.17598,4/14/2008
RIWH  ,2,41.95827,-70.30421,4/14/2008
RIWH  ,1,41.95578,-70.37559,4/14/2008
RIWH  ,2,41.77656,-70.32046,4/19/2008
RIWH  ,1,41.78710,-70.32143,4/19/2008
RIWH  ,1,41.79812,-70.33221,4/19/2008
RIWH  ,3,41.82317,-70.23922,4/19/2008
RIWH  ,1,41.83136,-70.23347,4/19/2008
RIWH  ,5,41.83187,-70.25013,4/19/2008
RIWH  ,2,41.82802,-70.24680,4/19/2008
RIWH  ,1,41.84174,-70.27466,4/19/2008
RIWH  ,1,41.84575,-70.25278,4/19/2008
RIWH  ,1,41.85488,-70.23827,4/19/2008
RIWH  ,2,41.84166,-70.24755,4/19/2008
RIWH  ,1,41.84159,-70.25779,4/19/2008
RIWH  ,1,41.84488,-70.25164,4/19/2008
RIWH  ,1,41.84972,-70.26918,4/19/2008
RIWH  ,2,41.86240,-70.16859,4/19/2008
RIWH  ,1,41.88497,-70.18687,4/19/2008
RIWH  ,8,41.89975,-70.24898,4/19/2008
RIWH  ,4,41.91773,-70.22347,4/19/2008
RIWH  ,1,41.89574,-70.21329,4/19/2008
RIWH  ,1,41.89577,-70.21190,4/19/2008
RIWH  ,1,41.89858,-70.22311,4/19/2008
RIWH  ,1,41.94406,-70.20511,4/19/2008
RIWH  ,1,41.95208,-70.19608,4/19/2008
RIWH  ,2,41.94969,-70.19898,4/19/2008
RIWH  ,2,41.93801,-70.17680,4/19/2008
RIWH  ,4,41.92882,-70.18421,4/19/2008
RIWH  ,1,41.93282,-70.18262,4/19/2008
RIWH  ,1,41.93658,-70.36242,4/19/2008
RIWH  ,1,41.96818,-70.22243,4/19/2008
RIWH  ,1,41.98993,-70.25247,4/19/2008
RIWH  ,2,41.99331,-70.27050,4/19/2008
RIWH  ,2,42.00618,-70.55937,4/19/2008
RIWH  ,2,42.02531,-70.44796,4/19/2008
RIWH  ,1,42.02208,-70.30014,4/19/2008
RIWH  ,1,42.01104,-70.29411,4/19/2008
RIWH  ,1,42.01086,-70.29705,4/19/2008
RIWH  ,1,42.00959,-70.29060,4/19/2008
RIWH  ,1,42.00737,-70.25788,4/21/2008
RIWH  ,2,41.99799,-70.54028,4/21/2008
RIWH  ,1,41.97141,-70.33591,4/21/2008
RIWH  ,1,41.95636,-70.21720,4/21/2008
RIWH  ,1,41.94758,-70.21689,4/21/2008
RIWH  ,1,41.94915,-70.22231,4/21/2008
RIWH  ,1,41.94783,-70.22206,4/21/2008
RIWH  ,1,41.95947,-70.21748,4/21/2008
RIWH  ,1,41.95219,-70.22781,4/21/2008
RIWH  ,1,41.94780,-70.23341,4/21/2008
RIWH  ,1,41.95139,-70.24021,4/21/2008
RIWH  ,2,41.94044,-70.22121,4/21/2008
RIWH  ,6,41.94067,-70.22233,4/21/2008
RIWH  ,1,41.95756,-70.21312,4/21/2008
RIWH  ,2,41.96148,-70.53819,4/21/2008
RIWH  ,2,41.96647,-70.53591,4/21/2008
RIWH  ,7,41.92826,-70.26386,4/21/2008
RIWH  ,1,41.93256,-70.24796,4/21/2008
RIWH  ,2,41.93829,-70.25489,4/21/2008
RIWH  ,2,41.94169,-70.25163,4/21/2008
RIWH  ,2,41.89014,-70.34496,4/21/2008
RIWH  ,1,41.90589,-70.30545,4/21/2008
RIWH  ,4,41.90706,-70.30028,4/21/2008
RIWH  ,2,41.90866,-70.28183,4/21/2008
RIWH  ,1,41.87298,-70.25517,4/21/2008
RIWH  ,2,41.86013,-70.36107,4/21/2008
RIWH  ,1,41.79203,-70.31808,4/23/2008
RIWH  ,1,41.82331,-70.37261,4/23/2008
RIWH  ,1,41.81048,-70.33403,4/23/2008
RIWH  ,1,41.81189,-70.32820,4/23/2008
RIWH  ,1,41.82782,-70.31887,4/23/2008
RIWH  ,2,41.81160,-70.07083,4/23/2008
RIWH  ,4,41.84394,-70.31865,4/23/2008
RIWH  ,1,41.88590,-70.30940,4/23/2008
RIWH  ,1,41.90779,-70.27654,4/23/2008
RIWH  ,3,41.88813,-70.32693,4/23/2008
RIWH  ,1,41.89401,-70.32369,4/23/2008
RIWH  ,1,41.90045,-70.32957,4/23/2008
RIWH  ,2,41.88873,-70.32981,4/23/2008
RIWH  ,6,41.87694,-70.35637,4/23/2008
RIWH  ,1,41.91994,-70.40522,4/23/2008
RIWH  ,2,41.91829,-70.40383,4/23/2008
RIWH  ,3,42.02287,-70.49128,5/1/2008
RIWH  ,1,42.00863,-70.43533,5/1/2008
RIWH  ,1,42.00977,-70.50436,5/1/2008
RIWH  ,1,42.00787,-70.50282,5/1/2008
RIWH  ,1,42.00093,-70.50290,5/1/2008
RIWH  ,1,41.83284,-70.34588,5/1/2008
RIWH  ,1,41.90924,-70.23416,5/15/2008
RIWH  ,1,41.89552,-70.13312,1/26/2009
RIWH  ,2,41.86671,-70.25737,2/2/2009
RIWH  ,3,41.99672,-70.32487,2/11/2009
RIWH  ,1,41.89363,-70.25500,2/11/2009
RIWH  ,1,41.88141,-70.22961,2/11/2009
RIWH  ,4,41.86568,-70.23524,2/16/2009
RIWH  ,5,41.85804,-70.23248,2/16/2009
RIWH  ,1,41.98796,-70.26400,2/25/2009
RIWH  ,3,42.01186,-70.19478,2/25/2009
RIWH  ,2,42.01033,-70.19559,2/25/2009
RIWH  ,1,41.93306,-70.22556,2/25/2009
RIWH  ,1,41.93786,-70.18799,2/25/2009
RIWH  ,1,41.94620,-70.18917,2/25/2009
RIWH  ,1,41.94873,-70.19744,2/25/2009
RIWH  ,2,41.93132,-70.20906,2/25/2009
RIWH  ,1,41.93380,-70.19304,2/25/2009
RIWH  ,1,41.88160,-70.26231,2/25/2009
RIWH  ,1,41.89223,-70.27152,2/25/2009
RIWH  ,3,41.89098,-70.25316,2/25/2009
RIWH  ,4,41.78089,-70.25829,3/10/2009
RIWH  ,6,41.77864,-70.27183,3/10/2009
RIWH  ,7,41.78080,-70.27309,3/10/2009
RIWH  ,1,41.77178,-70.37566,3/10/2009
RIWH  ,1,41.81488,-70.28789,3/10/2009
RIWH  ,2,41.89180,-70.36634,3/10/2009
RIWH  ,5,41.88918,-70.31216,3/10/2009
RIWH  ,3,41.85015,-70.25502,3/10/2009
RIWH  ,3,41.86090,-70.23209,3/10/2009
RIWH  ,1,41.86175,-70.23347,3/10/2009
RIWH  ,2,41.88163,-70.14792,3/10/2009
RIWH  ,1,41.88345,-70.26403,3/10/2009
RIWH  ,1,41.88087,-70.25278,3/10/2009
RIWH  ,2,41.92879,-70.28239,3/10/2009
RIWH  ,4,41.93010,-70.27568,3/10/2009
RIWH  ,2,41.93148,-70.27490,3/10/2009
RIWH  ,2,41.92863,-70.28271,3/10/2009
RIWH  ,6,41.80227,-70.21899,3/15/2009
RIWH  ,4,41.81427,-70.21901,3/15/2009
RIWH  ,2,41.79863,-70.24002,3/15/2009
RIWH  ,1,41.77922,-70.33047,3/15/2009
RIWH  ,1,41.79983,-70.36948,3/15/2009
RIWH  ,3,41.88167,-70.30167,3/21/1999
RIWH  ,3,41.80636,-70.18843,3/15/2009
RIWH  ,7,41.83659,-70.21291,3/15/2009
RIWH  ,1,41.82408,-70.20305,3/15/2009
RIWH  ,5,41.85514,-70.25919,3/15/2009
RIWH  ,1,41.84880,-70.25721,3/15/2009
RIWH  ,1,41.88346,-70.30500,3/15/2009
RIWH  ,1,41.85221,-70.29067,3/15/2009
RIWH  ,1,41.85819,-70.31364,3/15/2009
RIWH  ,1,41.85866,-70.28884,3/15/2009
RIWH  ,2,41.85965,-70.29231,3/15/2009
RIWH  ,1,41.86399,-70.25266,3/15/2009
RIWH  ,2,41.84604,-70.18481,3/15/2009
RIWH  ,1,41.84010,-70.18845,3/15/2009
RIWH  ,1,41.85117,-70.18591,3/15/2009
RIWH  ,1,41.85009,-70.19034,3/15/2009
RIWH  ,3,41.87504,-70.15199,3/15/2009
RIWH  ,2,41.88823,-70.11936,3/15/2009
RIWH  ,5,41.89869,-70.12026,3/15/2009
RIWH  ,5,41.89780,-70.12728,3/15/2009
RIWH  ,1,41.89108,-70.13823,3/15/2009
RIWH  ,4,41.89320,-70.13528,3/15/2009
RIWH  ,3,41.89200,-70.14823,3/15/2009
RIWH  ,3,41.86285,-70.32092,3/15/2009
RIWH  ,4,41.86716,-70.34827,3/15/2009
RIWH  ,1,41.89246,-70.35900,3/15/2009
RIWH  ,1,41.88627,-70.36529,3/15/2009
RIWH  ,4,41.90771,-70.40579,3/15/2009
RIWH  ,1,41.88263,-70.31535,3/15/2009
RIWH  ,1,41.95031,-70.11520,3/15/2009
RIWH  ,1,41.93237,-70.21294,3/15/2009
RIWH  ,1,41.94495,-70.28732,3/15/2009
RIWH  ,2,41.93136,-70.32764,3/15/2009
RIWH  ,1,41.93908,-70.37005,3/15/2009
RIWH  ,1,41.92751,-70.36398,3/15/2009
RIWH  ,1,41.92353,-70.41651,3/15/2009
RIWH  ,1,41.98375,-70.39218,3/15/2009
RIWH  ,3,42.05817,-70.29176,3/17/2009
RIWH  ,2,42.01385,-70.21452,3/17/2009
RIWH  ,1,42.01532,-70.34530,3/17/2009
RIWH  ,2,41.98164,-70.51258,3/17/2009
RIWH  ,2,41.98261,-70.23278,3/17/2009
RIWH  ,1,41.98745,-70.19550,3/17/2009
RIWH  ,1,41.96449,-70.35477,3/17/2009
RIWH  ,5,41.95700,-70.41603,3/17/2009
RIWH  ,3,41.95906,-70.43204,3/17/2009
RIWH  ,7,41.92222,-70.34348,3/17/2009
RIWH  ,1,41.93756,-70.29167,3/17/2009
RIWH  ,2,41.91331,-70.17150,3/17/2009
RIWH  ,1,41.92394,-70.18435,3/17/2009
RIWH  ,1,41.90802,-70.38869,3/17/2009
RIWH  ,1,41.89070,-70.37772,3/17/2009
RIWH  ,2,41.89980,-70.36880,3/17/2009
RIWH  ,1,41.89460,-70.38046,3/17/2009
RIWH  ,1,41.89995,-70.37822,3/17/2009
RIWH  ,1,41.90588,-70.38404,3/17/2009
RIWH  ,1,41.87977,-70.24964,3/17/2009
RIWH  ,1,41.88375,-70.12777,3/17/2009
RIWH  ,1,41.89181,-70.12762,3/17/2009
RIWH  ,3,41.84332,-70.16651,3/17/2009
RIWH  ,2,41.84213,-70.16361,3/17/2009
RIWH  ,2,41.81992,-70.12249,3/17/2009
RIWH  ,1,41.80523,-70.06992,3/17/2009
RIWH  ,4,41.78613,-70.18921,3/17/2009
RIWH  ,1,41.83533,-70.35029,3/17/2009
RIWH  ,1,41.82047,-70.16035,3/26/2009
RIWH  ,3,41.84701,-70.17822,3/26/2009
RIWH  ,2,41.84524,-70.19950,3/26/2009
RIWH  ,3,41.84368,-70.19827,3/26/2009
RIWH  ,1,41.84712,-70.18291,3/26/2009
RIWH  ,1,41.83964,-70.16577,3/26/2009
RIWH  ,1,41.84633,-70.23428,3/26/2009
RIWH  ,3,41.85393,-70.21632,3/26/2009
RIWH  ,3,41.86747,-70.14770,3/26/2009
RIWH  ,1,41.86160,-70.15321,3/26/2009
RIWH  ,1,41.89238,-70.15062,3/26/2009
RIWH  ,1,41.90171,-70.23472,3/26/2009
RIWH  ,1,41.87242,-70.24719,3/26/2009
RIWH  ,1,41.90925,-70.24704,3/26/2009
RIWH  ,1,41.91706,-70.18979,3/26/2009
RIWH  ,1,41.93707,-70.16025,3/26/2009
RIWH  ,4,41.93291,-70.18035,3/26/2009
RIWH  ,1,41.93805,-70.31462,3/26/2009
RIWH  ,3,41.96310,-70.30069,3/26/2009
RIWH  ,1,41.96525,-70.29940,3/26/2009
RIWH  ,4,41.94854,-70.27957,3/26/2009
RIWH  ,1,41.94804,-70.27638,3/26/2009
RIWH  ,1,41.94395,-70.27599,3/26/2009
RIWH  ,4,41.96643,-70.18954,3/26/2009
RIWH  ,5,41.96101,-70.18400,3/26/2009
RIWH  ,1,41.98656,-70.31401,3/26/2009
RIWH  ,1,41.99489,-70.38712,3/26/2009
RIWH  ,1,41.99933,-70.38810,3/26/2009
RIWH  ,1,41.99648,-70.21456,3/26/2009
RIWH  ,1,41.85225,-70.17411,4/9/2009
RIWH  ,1,41.88652,-70.18980,4/9/2009
RIWH  ,1,41.89133,-70.18588,4/9/2009
RIWH  ,2,41.92277,-70.18505,4/9/2009
RIWH  ,2,41.94587,-70.15935,4/9/2009
RIWH  ,1,41.95042,-70.15648,4/9/2009
RIWH  ,2,41.96673,-70.13222,4/9/2009
RIWH  ,2,41.98514,-70.43761,4/10/2009
RIWH  ,4,41.97317,-70.12305,4/10/2009
RIWH  ,6,41.95979,-70.12346,4/10/2009
RIWH  ,2,41.96000,-70.12168,4/10/2009
RIWH  ,2,41.96065,-70.14274,4/10/2009
RIWH  ,3,41.97034,-70.13907,4/10/2009
RIWH  ,2,41.96809,-70.10792,4/10/2009
RIWH  ,3,41.94881,-70.12180,4/10/2009
RIWH  ,7,41.93290,-70.36391,4/10/2009
RIWH  ,1,41.92818,-70.22368,4/10/2009
RIWH  ,6,41.90440,-70.15099,4/10/2009
RIWH  ,2,41.91102,-70.16202,4/10/2009
RIWH  ,1,41.90937,-70.40685,4/10/2009
RIWH  ,2,41.87901,-70.39881,4/10/2009
RIWH  ,1,41.85862,-70.17961,4/10/2009
RIWH  ,2,41.87456,-70.19577,4/10/2009
RIWH  ,2,41.85723,-70.21138,4/10/2009
RIWH  ,1,41.86572,-70.19787,4/10/2009
RIWH  ,1,42.05123,-70.38977,4/14/2009
RIWH  ,3,41.96804,-70.37763,4/14/2009
RIWH  ,1,41.94226,-70.32685,4/14/2009
RIWH  ,1,41.96190,-70.37859,4/14/2009
RIWH  ,1,41.89183,-70.15720,4/14/2009
RIWH  ,1,41.89541,-70.20368,4/14/2009
RIWH  ,2,41.89035,-70.21073,4/14/2009
RIWH  ,1,41.87606,-70.17829,4/14/2009
RIWH  ,1,41.87595,-70.17626,4/14/2009
RIWH  ,1,41.87056,-70.17910,4/14/2009
RIWH  ,1,41.86492,-70.17323,4/14/2009
RIWH  ,3,41.84430,-70.19972,4/14/2009
RIWH  ,1,41.85823,-70.19149,4/14/2009
RIWH  ,1,41.87465,-70.15676,4/14/2009
RIWH  ,2,41.87151,-70.24422,4/14/2009
RIWH  ,1,41.85508,-70.24119,4/14/2009
RIWH  ,1,41.82848,-70.31676,4/14/2009
RIWH  ,1,41.82660,-70.31945,4/14/2009
RIWH  ,1,41.82344,-70.31445,4/14/2009
RIWH  ,1,41.82109,-70.32006,4/14/2009
RIWH  ,16,41.81968,-70.32066,4/14/2009
RIWH  ,10,41.78443,-70.32811,4/17/2009
RIWH  ,4,41.78633,-70.33070,4/17/2009
RIWH  ,20,41.77339,-70.36829,4/17/2009
RIWH  ,2,41.77770,-70.36803,4/17/2009
RIWH  ,4,41.77283,-70.38132,4/17/2009
RIWH  ,1,41.77412,-70.38561,4/17/2009
RIWH  ,2,41.78075,-70.38758,4/17/2009
RIWH  ,3,41.78085,-70.39125,4/17/2009
RIWH  ,1,41.79016,-70.40493,4/17/2009
RIWH  ,1,41.79400,-70.40900,4/17/2009
RIWH  ,5,41.79859,-70.38522,4/17/2009
RIWH  ,1,41.79913,-70.37692,4/17/2009
RIWH  ,1,41.79316,-70.36990,4/17/2009
RIWH  ,2,41.83372,-70.32205,4/17/2009
RIWH  ,2,41.83839,-70.32186,4/17/2009
RIWH  ,2,41.83635,-70.36189,4/17/2009
RIWH  ,1,41.89104,-70.28285,4/17/2009
RIWH  ,1,41.87517,-70.20494,1/28/2010
RIWH  ,1,41.96617,-70.22543,2/2/2010
RIWH  ,1,41.87006,-70.23885,2/2/2010
RIWH  ,2,41.80371,-70.15405,2/2/2010
RIWH  ,6,41.80689,-70.16174,2/2/2010
RIWH  ,4,41.80256,-70.19501,2/2/2010
RIWH  ,8,41.78886,-70.19156,2/2/2010
RIWH  ,3,41.77703,-70.19256,2/2/2010
RIWH  ,3,41.78555,-70.19334,2/2/2010
RIWH  ,1,41.78457,-70.19129,2/2/2010
RIWH  ,4,41.80511,-70.17980,2/13/2010
RIWH  ,1,41.84297,-70.43063,2/13/2010
RIWH  ,1,41.87420,-70.08895,2/13/2010
RIWH  ,1,41.90905,-70.27061,2/13/2010
RIWH  ,3,41.90746,-70.24854,2/13/2010
RIWH  ,3,41.90840,-70.26041,2/13/2010
RIWH  ,1,41.95681,-70.23692,2/13/2010
RIWH  ,1,41.91288,-70.21970,2/22/2010
RIWH  ,3,41.93264,-70.12430,2/28/2010
RIWH  ,1,42.04302,-70.22856,3/2/2010
RIWH  ,1,42.02673,-70.20576,3/2/2010
RIWH  ,2,41.89772,-70.16147,3/7/2010
RIWH  ,2,41.85404,-70.17574,3/7/2010
RIWH  ,2,41.85185,-70.18667,3/7/2010
RIWH  ,2,41.85468,-70.17603,3/7/2010
RIWH  ,1,41.83762,-70.20076,3/7/2010
RIWH  ,3,41.83688,-70.17365,3/7/2010
RIWH  ,1,41.79953,-70.17951,3/7/2010
RIWH  ,1,41.79884,-70.17458,3/7/2010
RIWH  ,1,41.79185,-70.14171,3/7/2010
RIWH  ,2,42.05745,-70.34245,3/12/2010
RIWH  ,1,41.80919,-70.31784,3/12/2010
RIWH  ,1,41.84381,-70.37349,3/19/2010
RIWH  ,1,41.85337,-70.35287,3/19/2010
RIWH  ,2,41.96556,-70.12939,3/19/2010
RIWH  ,3,41.81258,-70.31786,3/25/2010
RIWH  ,5,41.94469,-70.12863,3/25/2010
RIWH  ,1,41.94648,-70.13602,3/25/2010
RIWH  ,1,41.96839,-70.12008,3/25/2010
RIWH  ,1,41.97529,-70.15998,3/25/2010
RIWH  ,1,41.97113,-70.12402,3/28/2010
RIWH  ,3,41.92206,-70.24454,3/28/2010
RIWH  ,3,41.84301,-70.26769,3/28/2010
RIWH  ,4,41.78137,-70.25359,4/2/2010
RIWH  ,1,41.79247,-70.25809,4/2/2010
RIWH  ,1,41.80426,-70.23113,4/2/2010
RIWH  ,4,41.80902,-70.42529,4/2/2010
RIWH  ,1,41.80695,-70.41346,4/2/2010
RIWH  ,1,41.80814,-70.40993,4/2/2010
RIWH  ,1,41.80727,-70.41287,4/2/2010
RIWH  ,3,41.81712,-70.41517,4/2/2010
RIWH  ,1,41.80016,-70.29881,4/2/2010
RIWH  ,2,41.81234,-70.31368,4/2/2010
RIWH  ,1,41.81826,-70.25332,4/2/2010
RIWH  ,2,41.81572,-70.23625,4/2/2010
RIWH  ,1,41.82362,-70.24040,4/2/2010
RIWH  ,1,41.83819,-70.42973,4/2/2010
RIWH  ,1,41.84201,-70.45153,4/2/2010
RIWH  ,2,41.83985,-70.45284,4/2/2010
RIWH  ,4,41.84476,-70.44367,4/2/2010
RIWH  ,1,41.88204,-70.35738,4/2/2010
RIWH  ,2,41.89832,-70.29175,4/2/2010
RIWH  ,1,41.89278,-70.30406,4/2/2010
RIWH  ,1,41.90973,-70.24529,4/2/2010
RIWH  ,1,41.92760,-70.25898,4/2/2010
RIWH  ,1,41.93661,-70.23199,4/2/2010
RIWH  ,1,41.96953,-70.23856,4/2/2010
RIWH  ,1,41.94864,-70.17236,4/2/2010
RIWH  ,3,41.99320,-70.18604,4/2/2010
RIWH  ,2,41.98891,-70.18762,4/2/2010
RIWH  ,1,42.00447,-70.15469,4/2/2010
RIWH  ,1,42.02958,-70.15583,4/5/2010
RIWH  ,1,42.00975,-70.48524,4/5/2010
RIWH  ,2,41.94025,-70.23929,4/5/2010
RIWH  ,1,41.91321,-70.27830,4/5/2010
RIWH  ,1,41.90899,-70.25467,4/5/2010
RIWH  ,1,41.93627,-70.22409,4/5/2010
RIWH  ,3,41.93364,-70.16102,4/5/2010
RIWH  ,1,41.92223,-70.11658,4/5/2010
RIWH  ,1,41.86329,-70.14327,4/5/2010
RIWH  ,6,41.84300,-70.16959,4/5/2010
RIWH  ,2,41.84198,-70.16758,4/5/2010
RIWH  ,2,41.83136,-70.44048,4/5/2010
RIWH  ,1,41.83411,-70.43798,4/5/2010
RIWH  ,3,41.80929,-70.18357,4/5/2010
RIWH  ,2,41.81666,-70.33768,4/5/2010
RIWH  ,1,41.80695,-70.42245,4/5/2010
RIWH  ,1,41.77049,-70.35471,4/5/2010
RIWH  ,1,41.79612,-70.31303,4/8/2010
RIWH  ,1,41.77658,-70.36404,4/8/2010
RIWH  ,1,41.81735,-70.33559,4/8/2010
RIWH  ,1,41.78316,-70.18867,4/12/2010
RIWH  ,1,41.80750,-70.21269,4/12/2010
RIWH  ,2,41.80060,-70.18764,4/12/2010
RIWH  ,1,41.79831,-70.18806,4/12/2010
RIWH  ,1,41.80120,-70.19002,4/12/2010
RIWH  ,1,41.80444,-70.19283,4/12/2010
RIWH  ,1,41.79908,-70.17007,4/12/2010
RIWH  ,1,41.79914,-70.16535,4/12/2010
RIWH  ,1,41.79924,-70.15569,4/12/2010
RIWH  ,1,41.80100,-70.16035,4/12/2010
RIWH  ,1,41.80408,-70.20644,4/12/2010
RIWH  ,1,41.80561,-70.21239,4/12/2010
RIWH  ,1,41.84106,-70.17882,4/12/2010
RIWH  ,1,41.89658,-70.16232,4/12/2010
RIWH  ,1,41.90937,-70.16576,4/12/2010
RIWH  ,1,41.91821,-70.16369,4/12/2010
RIWH  ,3,41.91664,-70.16208,4/12/2010
RIWH  ,1,41.91541,-70.15932,4/12/2010
RIWH  ,1,41.91690,-70.15662,4/12/2010
RIWH  ,1,41.92210,-70.15945,4/12/2010
RIWH  ,1,41.92109,-70.14110,4/12/2010
RIWH  ,2,41.93753,-70.14401,4/12/2010
RIWH  ,1,41.93612,-70.14847,4/12/2010
RIWH  ,1,41.93879,-70.14658,4/12/2010
RIWH  ,4,41.94031,-70.15612,4/12/2010
RIWH  ,2,41.93982,-70.19750,4/12/2010
RIWH  ,1,41.96501,-70.23674,4/12/2010
RIWH  ,1,41.95816,-70.22478,4/12/2010
RIWH  ,1,41.98099,-70.24472,4/12/2010
RIWH  ,1,41.97281,-70.24751,4/12/2010
RIWH  ,2,41.97257,-70.25826,4/12/2010
RIWH  ,1,41.97716,-70.26128,4/12/2010
RIWH  ,1,41.97391,-70.25707,4/12/2010
RIWH  ,1,41.97495,-70.25352,4/12/2010
RIWH  ,2,41.97633,-70.26249,4/12/2010
RIWH  ,1,41.97880,-70.25723,4/12/2010
RIWH  ,2,41.98084,-70.25765,4/12/2010
RIWH  ,1,41.97656,-70.27110,4/12/2010
RIWH  ,1,41.98547,-70.28297,4/12/2010
RIWH  ,2,41.99148,-70.28732,4/12/2010
RIWH  ,4,41.99352,-70.28242,4/12/2010
RIWH  ,1,41.99527,-70.28528,4/12/2010
RIWH  ,1,41.99701,-70.28417,4/12/2010
RIWH  ,3,41.99830,-70.29658,4/12/2010
RIWH  ,1,42.03609,-70.31857,4/12/2010
RIWH  ,1,42.02938,-70.31520,4/12/2010
RIWH  ,1,42.03912,-70.34211,4/12/2010
RIWH  ,2,42.03595,-70.32759,4/12/2010
RIWH  ,1,42.00007,-70.21551,4/13/2010
RIWH  ,1,41.96696,-70.28666,4/13/2010
RIWH  ,2,41.97485,-70.28257,4/13/2010
RIWH  ,1,41.97924,-70.28400,4/13/2010
RIWH  ,4,41.94019,-70.17736,4/13/2010
RIWH  ,1,41.93572,-70.17619,4/13/2010
RIWH  ,1,41.95763,-70.21301,4/13/2010
RIWH  ,1,41.93036,-70.29784,4/13/2010
RIWH  ,1,41.93663,-70.18137,4/13/2010
RIWH  ,1,41.88203,-70.46223,4/13/2010
RIWH  ,2,41.91164,-70.46419,4/13/2010
RIWH  ,1,41.89635,-70.24350,4/13/2010
RIWH  ,1,41.89724,-70.24352,4/13/2010
RIWH  ,1,41.89480,-70.21458,4/13/2010
RIWH  ,1,41.83245,-70.20924,4/13/2010
RIWH  ,3,41.87555,-70.25661,4/13/2010
RIWH  ,1,41.87752,-70.25117,4/13/2010
RIWH  ,1,41.86613,-70.24909,4/13/2010
RIWH  ,1,41.86523,-70.24788,4/13/2010
RIWH  ,1,41.87191,-70.25597,4/13/2010
RIWH  ,1,41.79626,-70.16069,4/13/2010
RIWH  ,1,41.80526,-70.20317,4/13/2010
RIWH  ,2,41.78381,-70.22018,4/13/2010
RIWH  ,1,41.78481,-70.21740,4/13/2010
RIWH  ,1,41.78625,-70.21059,4/13/2010
RIWH  ,1,41.78719,-70.20502,4/13/2010
RIWH  ,1,41.79561,-70.22692,4/13/2010
RIWH  ,23,41.77428,-70.18323,4/13/2010
RIWH  ,1,41.77100,-70.21874,4/13/2010
RIWH  ,1,41.78111,-70.18530,4/18/2010
RIWH  ,2,41.77555,-70.17641,4/18/2010
RIWH  ,3,41.79412,-70.23899,4/18/2010
RIWH  ,1,41.81244,-70.14737,4/18/2010
RIWH  ,1,41.84047,-70.17907,4/18/2010
RIWH  ,2,41.84977,-70.18597,4/18/2010
RIWH  ,1,41.84258,-70.22675,4/18/2010
RIWH  ,1,41.94271,-70.54520,4/18/2010
RIWH  ,1,41.95837,-70.39944,4/18/2010
RIWH  ,1,41.76693,-70.37924,4/20/2010
RIWH  ,9,41.75577,-70.35225,4/20/2010
RIWH  ,1,41.80971,-70.53349,4/20/2010
RIWH  ,1,41.88836,-70.35862,1/22/2011
RIWH  ,1,41.87858,-70.34877,1/22/2011
RIWH  ,1,41.91842,-70.19051,1/22/2011
RIWH  ,3,41.91540,-70.19575,1/22/2011
RIWH  ,7,42.02218,-70.19650,1/28/2011
RIWH  ,1,42.02105,-70.19913,1/28/2011
RIWH  ,1,42.02327,-70.20390,1/28/2011
RIWH  ,1,42.02488,-70.20586,1/28/2011
RIWH  ,1,42.01366,-70.22775,1/28/2011
RIWH  ,1,42.00716,-70.16077,1/28/2011
RIWH  ,1,41.95654,-70.18354,1/28/2011
RIWH  ,1,41.94645,-70.20092,1/28/2011
RIWH  ,1,41.85762,-70.29171,1/28/2011
RIWH  ,1,41.84839,-70.32365,1/28/2011
RIWH  ,1,41.79498,-70.38700,1/28/2011
RIWH  ,2,41.82446,-70.24656,2/7/2011
RIWH  ,1,41.82840,-70.33532,2/7/2011
RIWH  ,1,41.89554,-70.20142,2/7/2011
RIWH  ,1,41.89583,-70.29306,2/7/2011
RIWH  ,1,41.91009,-70.26077,2/7/2011
RIWH  ,1,42.03967,-70.21396,2/7/2011
RIWH  ,1,41.76656,-70.38801,2/17/2011
RIWH  ,1,41.86994,-70.24296,2/17/2011
RIWH  ,6,41.90663,-70.22482,2/17/2011
RIWH  ,1,41.90115,-70.22411,2/17/2011
RIWH  ,3,41.91795,-70.23055,2/17/2011
RIWH  ,1,41.96851,-70.17524,2/17/2011
RIWH  ,1,42.01675,-70.21290,2/17/2011
RIWH  ,1,42.03307,-70.24547,2/17/2011
RIWH  ,1,41.85650,-70.36004,2/24/2011
RIWH  ,1,41.84373,-70.29166,2/24/2011
RIWH  ,1,41.84028,-70.27946,2/24/2011
RIWH  ,1,41.82394,-70.39548,3/4/2011
RIWH  ,1,42.01659,-70.31161,3/8/2011
RIWH  ,4,41.98106,-70.35170,3/8/2011
RIWH  ,3,41.90739,-70.30276,3/8/2011
RIWH  ,1,41.93364,-70.17501,3/8/2011
RIWH  ,3,41.88953,-70.35703,3/8/2011
RIWH  ,2,41.83464,-70.44990,3/8/2011
RIWH  ,1,41.81554,-70.26011,3/13/2011
RIWH  ,2,41.81431,-70.24227,3/13/2011
RIWH  ,1,41.81536,-70.23991,3/13/2011
RIWH  ,1,41.82373,-70.23544,3/13/2011
RIWH  ,3,41.82314,-70.21682,3/13/2011
RIWH  ,2,41.84610,-70.21453,3/13/2011
RIWH  ,1,41.83640,-70.22643,3/13/2011
RIWH  ,1,41.84488,-70.36250,3/13/2011
RIWH  ,1,41.85256,-70.24447,3/13/2011
RIWH  ,1,42.05652,-70.40104,3/17/2011
RIWH  ,1,42.05484,-70.40238,3/17/2011
RIWH  ,1,41.93230,-70.43892,3/17/2011
RIWH  ,2,41.91475,-70.17844,3/17/2011
RIWH  ,2,41.93406,-70.17934,3/17/2011
RIWH  ,3,41.84089,-70.12170,3/17/2011
RIWH  ,1,41.89369,-70.17471,3/17/2011
RIWH  ,2,41.83570,-70.20287,3/17/2011
RIWH  ,5,41.83707,-70.19465,3/17/2011
RIWH  ,3,41.85774,-70.21162,3/17/2011
RIWH  ,2,41.83392,-70.24648,3/17/2011
RIWH  ,2,41.84898,-70.21669,3/17/2011
RIWH  ,3,41.83581,-70.21414,3/17/2011
RIWH  ,13,41.83105,-70.18415,3/17/2011
RIWH  ,1,41.80765,-70.21508,3/17/2011
RIWH  ,1,41.80677,-70.35031,3/17/2011
RIWH  ,5,41.85538,-70.23082,3/20/2011
RIWH  ,1,41.90829,-70.19903,3/20/2011
RIWH  ,4,41.91999,-70.19799,3/20/2011
RIWH  ,1,41.93517,-70.15517,3/20/2011
RIWH  ,1,41.99805,-70.18901,3/23/2011
RIWH  ,2,42.00524,-70.25706,3/23/2011
RIWH  ,1,42.00463,-70.25468,3/23/2011
RIWH  ,8,41.96143,-70.50084,3/23/2011
RIWH  ,1,41.98968,-70.34825,3/23/2011
RIWH  ,1,41.98704,-70.24270,3/23/2011
RIWH  ,1,41.96402,-70.24343,3/23/2011
RIWH  ,2,41.96700,-70.23071,3/23/2011
RIWH  ,2,41.97161,-70.24599,3/23/2011
RIWH  ,3,41.96173,-70.22640,3/23/2011
RIWH  ,3,41.98941,-70.22961,3/23/2011
RIWH  ,1,41.98536,-70.18997,3/23/2011
RIWH  ,1,42.00422,-70.18166,3/23/2011
RIWH  ,2,41.92562,-70.22498,3/23/2011
RIWH  ,1,41.92577,-70.22916,3/23/2011
RIWH  ,4,41.90975,-70.20847,3/23/2011
RIWH  ,4,41.90576,-70.22581,3/23/2011
RIWH  ,1,41.89674,-70.21439,3/23/2011
RIWH  ,1,41.88658,-70.22781,3/23/2011
RIWH  ,1,41.86962,-70.23513,3/23/2011
RIWH  ,3,41.84325,-70.26817,3/23/2011
RIWH  ,1,41.81906,-70.25748,3/30/2011
RIWH  ,3,41.81470,-70.15952,3/30/2011
RIWH  ,3,41.88508,-70.14224,3/30/2011
RIWH  ,6,41.89860,-70.14372,3/30/2011
RIWH  ,1,41.87046,-70.31783,3/30/2011
RIWH  ,9,41.90938,-70.15731,3/30/2011
RIWH  ,12,41.98167,-70.22298,3/30/2011
RIWH  ,1,41.98328,-70.29030,3/30/2011
RIWH  ,2,42.00931,-70.28824,3/30/2011
RIWH  ,2,42.03142,-70.23872,3/30/2011
RIWH  ,3,42.05452,-70.24238,3/30/2011
RIWH  ,1,42.01631,-70.00642,4/19/2011
RIWH  ,2,42.03687,-70.02009,4/19/2011
RIWH  ,1,42.04017,-70.02649,4/19/2011
RIWH  ,3,42.04234,-70.03037,4/19/2011
RIWH  ,1,42.05067,-70.25365,4/19/2011
RIWH  ,4,42.01356,-70.18277,4/19/2011
RIWH  ,1,42.01521,-70.18520,4/19/2011
RIWH  ,2,42.00853,-70.19064,4/19/2011
RIWH  ,1,41.99789,-70.27586,4/19/2011
RIWH  ,1,41.99647,-70.21510,4/19/2011
RIWH  ,1,41.99401,-70.22405,4/19/2011
RIWH  ,1,41.97266,-70.22511,4/19/2011
RIWH  ,1,41.97533,-70.22543,4/19/2011
RIWH  ,4,41.96367,-70.21967,4/19/2011
RIWH  ,1,41.98931,-70.12969,4/19/2011
RIWH  ,4,41.99627,-70.12332,4/19/2011
RIWH  ,4,41.99691,-70.12768,4/19/2011
RIWH  ,1,41.96087,-70.13503,4/19/2011
RIWH  ,2,41.95167,-70.18205,4/19/2011
RIWH  ,3,41.94736,-70.18179,4/19/2011
RIWH  ,3,41.94882,-70.19194,4/19/2011
RIWH  ,3,41.94744,-70.21609,4/19/2011
RIWH  ,1,41.95270,-70.30759,4/19/2011
RIWH  ,1,41.93970,-70.40971,4/19/2011
RIWH  ,19,41.94495,-70.23283,4/19/2011
RIWH  ,2,41.93587,-70.20192,4/19/2011
RIWH  ,6,41.94770,-70.19492,4/19/2011
RIWH  ,1,41.93136,-70.18790,4/19/2011
RIWH  ,2,41.93737,-70.17944,4/19/2011
RIWH  ,2,41.90013,-70.14589,4/19/2011
RIWH  ,2,41.89941,-70.17195,4/19/2011
RIWH  ,1,41.90071,-70.20927,4/19/2011
RIWH  ,1,41.90574,-70.30703,4/19/2011
RIWH  ,5,41.89160,-70.24210,4/19/2011
RIWH  ,6,41.87572,-70.23248,4/19/2011
RIWH  ,1,41.87160,-70.16553,4/19/2011
RIWH  ,1,41.85338,-70.12212,4/19/2011
RIWH  ,1,41.85106,-70.19537,4/19/2011
RIWH  ,2,41.86228,-70.20811,4/19/2011
RIWH  ,1,41.85889,-70.23536,4/19/2011
RIWH  ,3,41.85445,-70.26665,4/19/2011
RIWH  ,4,41.86005,-70.28165,4/19/2011
RIWH  ,1,41.85584,-70.32659,4/19/2011
RIWH  ,2,41.83911,-70.14891,4/19/2011
RIWH  ,2,41.83436,-70.13363,4/19/2011
RIWH  ,1,41.79217,-70.27206,4/22/2011
RIWH  ,1,41.81189,-70.29853,4/22/2011
RIWH  ,2,41.81218,-70.29556,4/22/2011
RIWH  ,1,41.82264,-70.28163,4/22/2011
RIWH  ,1,41.82689,-70.28113,4/22/2011
RIWH  ,1,41.83113,-70.27986,4/22/2011
RIWH  ,3,41.83352,-70.27673,4/22/2011
RIWH  ,1,41.82772,-70.27509,4/22/2011
RIWH  ,2,41.85853,-70.25855,4/22/2011
RIWH  ,1,41.84551,-70.26455,4/22/2011
RIWH  ,2,41.84369,-70.26303,4/22/2011
RIWH  ,1,41.84844,-70.26404,4/22/2011
RIWH  ,10,41.83804,-70.26363,4/22/2011
RIWH  ,1,41.88610,-70.23957,4/22/2011
RIWH  ,2,41.88088,-70.24015,4/22/2011
RIWH  ,3,41.86568,-70.25085,4/22/2011
RIWH  ,2,41.86864,-70.24776,4/22/2011
RIWH  ,2,41.88811,-70.18043,4/22/2011
RIWH  ,2,41.90613,-70.21168,4/22/2011
RIWH  ,2,41.90566,-70.20869,4/22/2011
RIWH  ,1,41.89268,-70.22173,4/22/2011
RIWH  ,1,41.89014,-70.22108,4/22/2011
RIWH  ,2,41.87931,-70.21412,4/22/2011
RIWH  ,4,41.92631,-70.20454,4/22/2011
RIWH  ,2,41.92088,-70.19945,4/22/2011
RIWH  ,1,41.94594,-70.18945,4/22/2011
RIWH  ,1,41.94213,-70.18311,4/22/2011
RIWH  ,1,41.94064,-70.18321,4/22/2011
RIWH  ,1,41.94273,-70.18312,4/22/2011
RIWH  ,8,41.96454,-70.28359,4/22/2011
RIWH  ,1,41.98523,-70.11926,4/22/2011
RIWH  ,1,41.98110,-70.12012,4/22/2011
RIWH  ,1,41.99507,-70.21394,4/22/2011
RIWH  ,2,42.00361,-70.21594,4/22/2011
RIWH  ,4,41.99828,-70.21794,4/22/2011
RIWH  ,1,42.00342,-70.20316,4/22/2011
RIWH  ,1,41.99927,-70.22044,4/22/2011
RIWH  ,3,42.01197,-70.18848,4/22/2011
RIWH  ,3,42.01068,-70.20041,4/22/2011
RIWH  ,4,42.00216,-70.20232,4/22/2011
RIWH  ,1,42.00587,-70.22993,4/22/2011
RIWH  ,1,42.01652,-70.23048,4/22/2011
RIWH  ,2,42.01454,-70.23669,4/22/2011
RIWH  ,25,42.04290,-70.24378,4/22/2011
RIWH  ,3,42.05770,-70.26509,4/24/2011
RIWH  ,2,42.05100,-70.28738,4/24/2011
RIWH  ,1,42.03923,-70.31407,4/24/2011
RIWH  ,1,42.03192,-70.27876,4/24/2011
RIWH  ,2,42.03411,-70.25113,4/24/2011
RIWH  ,20,42.04937,-70.24162,4/24/2011
RIWH  ,1,42.02782,-70.24303,4/24/2011
RIWH  ,1,42.03067,-70.23787,4/24/2011
RIWH  ,2,42.01851,-70.21294,4/24/2011
RIWH  ,1,42.03427,-70.15635,4/24/2011
RIWH  ,2,41.89661,-70.19361,4/25/2011
RIWH  ,1,41.88937,-70.19414,4/25/2011
RIWH  ,1,41.90581,-70.19309,4/25/2011
RIWH  ,3,41.90364,-70.23951,4/25/2011
RIWH  ,2,41.81855,-70.22832,4/25/2011
RIWH  ,4,41.81839,-70.23340,4/25/2011
RIWH  ,1,41.85599,-70.22395,4/25/2011
RIWH  ,2,41.98993,-70.22663,4/25/2011
RIWH  ,2,41.85934,-70.19827,4/25/2011
RIWH  ,2,41.85662,-70.21127,4/25/2011
RIWH  ,2,42.04926,-70.24584,4/25/2011
RIWH  ,2,41.85458,-70.22692,4/25/2011
RIWH  ,3,41.85798,-70.20437,4/25/2011
RIWH  ,5,42.03447,-70.04241,4/25/2011
RIWH  ,1,41.96473,-70.17317,4/25/2011
RIWH  ,2,42.03323,-70.27660,4/25/2011
RIWH  ,1,42.00463,-70.22765,4/25/2011
RIWH  ,2,41.78653,-70.38960,4/25/2011
RIWH  ,4,41.96787,-70.16177,4/25/2011
RIWH  ,2,41.78154,-70.37617,4/25/2011
RIWH  ,7,42.03611,-70.16670,4/25/2011
RIWH  ,1,41.94633,-70.14572,4/25/2011
RIWH  ,2,41.94530,-70.14874,4/25/2011
RIWH  ,1,42.05254,-70.05370,4/25/2011
RIWH  ,2,41.95579,-70.14326,4/25/2011
RIWH  ,2,41.98565,-70.21918,4/25/2011
RIWH  ,1,41.98336,-70.28459,4/25/2011
RIWH  ,1,41.93447,-70.36718,4/25/2011
RIWH  ,1,41.83013,-70.21689,4/25/2011
RIWH  ,2,41.75888,-70.37678,4/25/2011
RIWH  ,2,42.03373,-70.27769,4/25/2011
RIWH  ,4,41.80580,-70.23155,4/25/2011
RIWH  ,2,41.80828,-70.19918,4/25/2011
RIWH  ,2,42.03131,-70.22160,4/25/2011
RIWH  ,2,41.89354,-70.15334,4/29/2011
RIWH  ,1,41.88548,-70.25491,4/29/2011
RIWH  ,1,41.90351,-70.13969,4/29/2011
RIWH  ,4,41.92259,-70.12710,4/29/2011
RIWH  ,2,41.96627,-70.24234,4/29/2011
RIWH  ,1,41.98193,-70.24053,4/29/2011
RIWH  ,2,41.95990,-70.21562,4/29/2011
RIWH  ,1,41.96237,-70.21139,4/29/2011
RIWH  ,2,41.96309,-70.15960,4/29/2011
RIWH  ,1,41.95873,-70.13499,4/29/2011
RIWH  ,1,41.95040,-70.14040,4/29/2011
RIWH  ,1,41.97848,-70.13622,4/29/2011
RIWH  ,3,41.98552,-70.14058,4/29/2011
RIWH  ,3,41.98633,-70.13769,4/29/2011
RIWH  ,8,41.98982,-70.15083,4/29/2011
RIWH  ,3,42.00083,-70.15556,4/29/2011
RIWH  ,1,41.98307,-70.15420,4/29/2011
RIWH  ,1,42.00858,-70.24560,4/29/2011
RIWH  ,15,42.00765,-70.20025,4/29/2011
RIWH  ,7,42.01196,-70.18256,4/29/2011
RIWH  ,3,42.01400,-70.17329,4/29/2011
RIWH  ,6,42.02097,-70.17667,4/29/2011
RIWH  ,2,42.01805,-70.17245,4/29/2011
RIWH  ,1,42.02353,-70.16631,4/29/2011
RIWH  ,1,42.04940,-70.05449,5/2/2011
RIWH  ,4,42.04523,-70.05183,5/2/2011
RIWH  ,1,42.03888,-70.04809,5/2/2011
RIWH  ,2,42.02923,-70.03082,5/2/2011
RIWH  ,1,42.02555,-70.02007,5/2/2011
RIWH  ,1,42.02679,-70.02306,5/2/2011
RIWH  ,4,42.02139,-70.02032,5/2/2011
RIWH  ,1,41.93196,-70.39352,5/3/2011
RIWH  ,1,41.92062,-70.38655,5/3/2011
RIWH  ,2,42.01966,-70.19439,5/3/2011
RIWH  ,2,41.91697,-70.37720,5/3/2011
RIWH  ,1,42.03652,-70.52351,5/3/2011
RIWH  ,1,41.92413,-70.37962,5/3/2011
RIWH  ,2,41.95532,-70.40860,5/3/2011
RIWH  ,4,41.95102,-70.40824,5/3/2011
RIWH  ,2,41.80875,-70.28978,5/3/2011
RIWH  ,1,41.91850,-70.37638,5/3/2011
RIWH  ,2,41.80106,-70.31033,5/3/2011
RIWH  ,4,41.95132,-70.40103,5/3/2011
RIWH  ,1,42.01486,-70.19524,5/3/2011
RIWH  ,2,41.96882,-70.11539,5/3/2011
RIWH  ,1,41.94518,-70.22964,5/3/2011
RIWH  ,1,42.00866,-70.21045,5/3/2011
RIWH  ,1,41.92723,-70.38337,5/3/2011
RIWH  ,1,42.05654,-70.46159,5/3/2011
RIWH  ,1,41.92174,-70.38563,5/3/2011
RIWH  ,1,41.92848,-70.35336,2/4/2006
RIWH  ,1,41.96327,-70.17815,2/16/2006
RIWH  ,1,42.02952,-70.28823,3/2/2006
RIWH  ,1,41.94653,-70.23396,3/2/2006
RIWH  ,2,41.90460,-70.44112,3/8/2006
RIWH  ,2,41.80750,-70.31280,3/8/2006
RIWH  ,1,41.77130,-70.41037,3/8/2006
RIWH  ,2,41.92528,-70.40974,3/12/2006
RIWH  ,1,41.92993,-70.26413,3/12/2006
RIWH  ,1,41.95237,-70.36763,3/12/2006
RIWH  ,1,41.97165,-70.37022,3/12/2006
RIWH  ,2,41.94983,-70.37576,3/12/2006
RIWH  ,1,41.95073,-70.41431,3/12/2006
RIWH  ,2,41.81857,-70.30927,3/24/2006
RIWH  ,1,42.02893,-70.29193,3/24/2006
RIWH  ,2,41.84238,-70.46098,3/28/2006
RIWH  ,3,41.83752,-70.45768,3/28/2006
RIWH  ,1,41.83870,-70.46277,3/28/2006
RIWH  ,1,41.92813,-70.42377,3/29/2006
RIWH  ,2,42.02440,-70.26601,4/12/2006
RIWH  ,1,42.02423,-70.27085,4/12/2006
RIWH  ,3,42.00705,-70.26736,4/12/2006
RIWH  ,1,42.05622,-70.26048,4/14/2006
RIWH  ,1,42.05785,-70.26637,4/14/2006
RIWH  ,2,42.04752,-70.24333,4/14/2006
RIWH  ,1,42.04898,-70.23935,4/14/2006
RIWH  ,1,42.05615,-70.25877,4/14/2006
RIWH  ,1,42.04432,-70.25543,4/14/2006
RIWH  ,1,41.99788,-70.29298,4/14/2006
RIWH  ,1,42.03703,-70.25047,4/14/2006
RIWH  ,1,42.01757,-70.23157,4/14/2006
RIWH  ,1,41.98018,-70.28717,4/14/2006
RIWH  ,2,42.04185,-70.57098,4/22/2006
RIWH  ,2,41.99250,-70.53632,4/22/2006
RIWH  ,1,41.99712,-70.53922,4/22/2006
RIWH  ,1,41.88888,-70.44435,4/22/2006
RIWH  ,1,41.89017,-70.44230,4/22/2006
RIWH  ,2,41.85915,-70.46377,4/22/2006
RIWH  ,1,41.82927,-70.48313,4/22/2006
RIWH  ,1,41.93770,-70.33370,4/26/2006
RIWH  ,1,41.85045,-70.34115,4/27/2006
RIWH  ,1,41.85732,-70.35098,4/27/2006
RIWH  ,1,41.86140,-70.35033,4/27/2006
RIWH  ,1,41.86482,-70.33880,4/27/2006
RIWH  ,1,41.86817,-70.33839,4/27/2006
RIWH  ,1,41.86333,-70.33298,4/27/2006
RIWH  ,1,41.87103,-70.32992,4/27/2006
RIWH  ,1,41.87148,-70.32708,4/27/2006
RIWH  ,1,41.88528,-70.33553,4/27/2006
RIWH  ,1,41.89410,-70.32796,4/27/2006
RIWH  ,1,41.90014,-70.29044,4/27/2006
RIWH  ,1,41.92722,-70.27920,4/27/2006
RIWH  ,1,41.93317,-70.28233,4/27/2006
RIWH  ,2,41.93565,-70.27679,4/27/2006
RIWH  ,1,41.96317,-70.30472,4/27/2006
RIWH  ,1,41.96029,-70.30074,4/27/2006
RIWH  ,1,41.95903,-70.30383,4/27/2006
RIWH  ,1,41.95300,-70.28043,4/27/2006
RIWH  ,1,42.03092,-70.44417,5/5/2006
RIWH  ,1,41.93410,-70.44894,5/5/2006
RIWH  ,1,41.93832,-70.44125,5/5/2006
RIWH  ,1,41.93325,-70.44168,5/5/2006
RIWH  ,1,41.92600,-70.43855,5/5/2006
RIWH  ,1,41.93336,-70.43850,5/5/2006
RIWH  ,1,41.93083,-70.43885,5/5/2006
RIWH  ,1,41.94176,-70.44215,5/5/2006
RIWH  ,1,41.92928,-70.32716,5/5/2006
RIWH  ,1,41.88922,-70.42775,5/6/2006
RIWH  ,2,41.91245,-70.41795,5/6/2006
RIWH  ,2,41.88340,-70.44946,5/6/2006
RIWH  ,1,41.88230,-70.45110,5/6/2006
RIWH  ,1,41.87790,-70.44711,5/6/2006
RIWH  ,1,41.87910,-70.44592,5/6/2006
RIWH  ,1,41.88842,-70.42857,5/6/2006
RIWH  ,1,41.88128,-70.43442,5/6/2006
RIWH  ,1,41.87205,-70.43291,5/6/2006
RIWH  ,1,41.99695,-70.52597,5/6/2006
RIWH  ,1,42.02388,-70.57837,5/6/2006
RIWH  ,1,42.05260,-70.54646,5/6/2006
RIWH  ,1,41.94017,-70.25000,2/10/2004
RIWH  ,1,41.93333,-70.24683,2/10/2004
RIWH  ,1,41.88334,-70.30500,3/21/1999
RIWH  ,1,41.88167,-70.31000,3/21/1999
RIWH  ,1,41.89667,-70.30000,3/21/1999
RIWH  ,1,41.87833,-70.29667,3/21/1999
RIWH  ,1,41.89667,-70.27333,3/21/1999
RIWH  ,1,41.89000,-70.27834,3/21/1999
RIWH  ,1,41.88334,-70.31333,3/21/1999
RIWH  ,1,41.87833,-70.28333,3/21/1999
RIWH  ,1,41.86833,-70.30000,3/21/1999
RIWH  ,1,41.91250,-70.25333,2/12/2004
RIWH  ,2,41.92966,-70.22500,2/12/2004
RIWH  ,1,41.88833,-70.25484,2/17/2004
RIWH  ,1,41.89267,-70.25833,2/17/2004
RIWH  ,1,41.90033,-70.24450,2/17/2004
RIWH  ,1,41.91150,-70.25134,2/17/2004
RIWH  ,1,41.94617,-70.23117,2/17/2004
RIWH  ,1,41.96183,-70.21101,2/17/2004
RIWH  ,4,41.95167,-70.23701,2/20/2004
RIWH  ,1,41.88717,-70.30883,2/20/2004
RIWH  ,1,41.91584,-70.16883,2/20/2004
RIWH  ,1,41.94334,-70.17067,2/20/2004
RIWH  ,1,41.95483,-70.16600,2/20/2004
RIWH  ,1,41.94733,-70.16617,2/20/2004
RIWH  ,1,41.96167,-70.23133,2/20/2004
RIWH  ,1,41.98000,-70.30150,2/20/2004
RIWH  ,1,41.93416,-70.17817,2/20/2004
RIWH  ,1,41.96716,-70.23317,2/20/2004
RIWH  ,1,41.94216,-70.22567,2/24/2004
RIWH  ,1,41.94250,-70.22867,2/24/2004
RIWH  ,1,41.93233,-70.22000,2/24/2004
RIWH  ,2,41.93683,-70.21900,2/24/2004
RIWH  ,1,41.93467,-70.22366,2/24/2004
RIWH  ,1,41.93667,-70.22067,2/24/2004
RIWH  ,1,41.92817,-70.22667,2/24/2004
RIWH  ,2,41.93133,-70.22567,2/24/2004
RIWH  ,1,41.92834,-70.22150,2/24/2004
RIWH  ,1,41.94767,-70.22649,2/24/2004
RIWH  ,1,41.95100,-70.20517,2/24/2004
RIWH  ,1,41.94750,-70.22000,2/24/2004
RIWH  ,1,41.96466,-70.20617,2/24/2004
RIWH  ,2,41.91600,-70.21916,2/24/2004
RIWH  ,1,42.01484,-70.24383,2/29/2004
RIWH  ,1,42.00250,-70.23083,2/29/2004
RIWH  ,1,41.99650,-70.24767,2/29/2004
RIWH  ,1,41.99800,-70.23717,2/29/2004
RIWH  ,1,42.01134,-70.23833,2/29/2004
RIWH  ,1,41.99583,-70.20750,2/29/2004
RIWH  ,1,42.00834,-70.22567,2/29/2004
RIWH  ,1,42.03833,-70.25600,2/29/2004
RIWH  ,2,42.02617,-70.21700,2/29/2004
RIWH  ,1,42.02450,-70.15200,2/29/2004
RIWH  ,1,42.02050,-70.18300,2/29/2004
RIWH  ,1,42.00000,-70.18884,2/29/2004
RIWH  ,2,42.00700,-70.18433,2/29/2004
RIWH  ,1,42.00767,-70.25401,2/29/2004
RIWH  ,3,41.96500,-70.17966,2/29/2004
RIWH  ,1,42.02467,-70.27233,3/1/2004
RIWH  ,1,41.99483,-70.21266,3/1/2004
RIWH  ,1,42.00100,-70.21017,3/1/2004
RIWH  ,1,42.00150,-70.19216,3/1/2004
RIWH  ,1,42.00900,-70.18100,3/1/2004
RIWH  ,1,41.99033,-70.20650,3/1/2004
RIWH  ,1,41.98284,-70.19650,3/1/2004
RIWH  ,2,41.99567,-70.21250,3/1/2004
RIWH  ,1,41.99050,-70.20950,3/1/2004
RIWH  ,1,41.96117,-70.21384,3/1/2004
RIWH  ,1,41.96134,-70.20400,3/1/2004
RIWH  ,1,41.93534,-70.22433,3/1/2004
RIWH  ,1,41.92567,-70.25650,3/1/2004
RIWH  ,1,41.93450,-70.33067,3/10/2004
RIWH  ,2,41.87034,-70.46550,3/10/2004
RIWH  ,1,41.89133,-70.33284,3/10/2004
RIWH  ,1,41.87017,-70.29350,3/10/2004
RIWH  ,1,41.84950,-70.39249,3/10/2004
RIWH  ,1,41.82133,-70.31433,3/10/2004
RIWH  ,1,41.82000,-70.30400,3/10/2004
RIWH  ,1,41.82233,-70.31133,3/10/2004
RIWH  ,1,41.85367,-70.30334,3/14/2004
RIWH  ,1,41.86417,-70.29483,3/14/2004
RIWH  ,2,41.87733,-70.28734,3/14/2004
RIWH  ,1,41.88450,-70.29183,3/14/2004
RIWH  ,1,41.88783,-70.29117,3/14/2004
RIWH  ,1,41.86533,-70.29117,3/14/2004
RIWH  ,2,41.88066,-70.30883,3/14/2004
RIWH  ,1,41.92417,-70.27933,3/14/2004
RIWH  ,1,41.92484,-70.28100,3/14/2004
RIWH  ,1,41.92117,-70.28100,3/14/2004
RIWH  ,1,41.92266,-70.28084,3/14/2004
RIWH  ,1,41.92783,-70.28433,3/14/2004
RIWH  ,1,41.91450,-70.28233,3/14/2004
RIWH  ,1,41.92384,-70.27333,3/14/2004
RIWH  ,2,41.95983,-70.29383,3/14/2004
RIWH  ,1,41.95667,-70.29267,3/14/2004
RIWH  ,1,41.94467,-70.29017,3/14/2004
RIWH  ,2,41.95850,-70.29433,3/14/2004
RIWH  ,2,41.95550,-70.29800,3/14/2004
RIWH  ,1,41.96950,-70.29383,3/14/2004
RIWH  ,1,41.96367,-70.17616,3/14/2004
RIWH  ,1,42.02250,-70.19933,3/14/2004
RIWH  ,1,41.90934,-70.32034,3/16/2004
RIWH  ,2,41.88567,-70.26717,3/16/2004
RIWH  ,1,41.88650,-70.26717,3/16/2004
RIWH  ,1,41.90234,-70.27133,3/16/2004
RIWH  ,1,41.88550,-70.26500,3/16/2004
RIWH  ,1,41.88334,-70.27250,3/16/2004
RIWH  ,1,41.89700,-70.26983,3/16/2004
RIWH  ,1,41.90717,-70.28133,3/16/2004
RIWH  ,1,41.92050,-70.29666,3/16/2004
RIWH  ,1,41.92516,-70.29784,3/16/2004
RIWH  ,1,41.92317,-70.29317,3/16/2004
RIWH  ,1,41.93200,-70.32250,3/16/2004
RIWH  ,1,41.91683,-70.28799,3/16/2004
RIWH  ,1,41.95617,-70.30267,3/20/2004
RIWH  ,1,41.94283,-70.28433,3/20/2004
RIWH  ,1,41.92633,-70.30317,3/20/2004
RIWH  ,1,41.91333,-70.30317,3/20/2004
RIWH  ,1,41.91850,-70.29633,3/20/2004
RIWH  ,3,41.85600,-70.32616,3/20/2004
RIWH  ,1,41.87217,-70.32883,3/20/2004
RIWH  ,3,41.88317,-70.32100,3/20/2004
RIWH  ,1,41.88483,-70.32217,3/20/2004
RIWH  ,1,41.87917,-70.29867,3/20/2004
RIWH  ,1,41.90417,-70.30684,3/20/2004
RIWH  ,3,41.86234,-70.32784,3/20/2004
RIWH  ,1,41.83250,-70.31467,3/20/2004
RIWH  ,1,41.76783,-70.36550,3/24/2004
RIWH  ,1,41.76384,-70.35201,3/24/2004
RIWH  ,1,41.76716,-70.35517,3/24/2004
RIWH  ,1,41.76533,-70.36117,3/24/2004
RIWH  ,1,41.76900,-70.35583,3/24/2004
RIWH  ,1,41.76583,-70.36983,3/24/2004
RIWH  ,1,41.76716,-70.32017,3/24/2004
RIWH  ,1,41.76934,-70.33100,3/24/2004
RIWH  ,1,41.77266,-70.31001,3/24/2004
RIWH  ,1,41.77016,-70.30116,3/24/2004
RIWH  ,1,41.77816,-70.29350,3/24/2004
RIWH  ,1,41.82367,-70.20167,3/24/2004
RIWH  ,1,41.83533,-70.20600,3/24/2004
RIWH  ,1,41.83200,-70.20866,3/24/2004
RIWH  ,1,41.82650,-70.20733,3/24/2004
RIWH  ,4,41.85234,-70.26484,3/24/2004
RIWH  ,1,41.86234,-70.27016,3/24/2004
RIWH  ,1,41.83600,-70.26317,3/24/2004
RIWH  ,2,41.84000,-70.29583,3/24/2004
RIWH  ,1,41.88233,-70.28166,3/24/2004
RIWH  ,1,41.87867,-70.25566,4/7/2004
RIWH  ,1,41.87183,-70.14383,4/7/2004
RIWH  ,7,41.89283,-70.16183,4/7/2004
RIWH  ,1,41.88683,-70.16200,4/7/2004
RIWH  ,1,41.87817,-70.16451,4/7/2004
RIWH  ,1,41.88700,-70.17266,4/7/2004
RIWH  ,1,41.89650,-70.18467,4/7/2004
RIWH  ,1,41.90100,-70.18734,4/7/2004
RIWH  ,1,41.98417,-70.33667,4/7/2004
RIWH  ,1,41.98800,-70.34517,4/7/2004
RIWH  ,1,42.00433,-70.45316,4/8/2004
RIWH  ,1,41.97367,-70.45467,4/8/2004
RIWH  ,1,41.96367,-70.29234,4/8/2004
RIWH  ,1,41.78100,-70.39700,4/8/2004
RIWH  ,1,41.96350,-70.19500,4/10/2004
RIWH  ,1,41.85833,-70.22517,4/10/2004
RIWH  ,2,41.77867,-70.31667,4/10/2004
RIWH  ,4,41.77617,-70.31450,4/10/2004
RIWH  ,1,41.77583,-70.31517,4/10/2004
RIWH  ,1,41.78267,-70.32233,4/10/2004
RIWH  ,2,41.78434,-70.35850,4/18/2004
RIWH  ,1,41.80083,-70.17716,4/18/2004
RIWH  ,1,41.89516,-70.25083,4/18/2004
RIWH  ,1,41.88833,-70.31783,4/18/2004
RIWH  ,1,41.87183,-70.29150,4/18/2004
RIWH  ,1,41.88500,-70.31667,4/18/2004
RIWH  ,1,41.88133,-70.26617,4/18/2004
RIWH  ,2,41.94984,-70.32034,4/18/2004
RIWH  ,2,41.94700,-70.31867,4/18/2004
RIWH  ,2,41.96833,-70.30367,4/18/2004
RIWH  ,2,41.97284,-70.30684,4/18/2004
RIWH  ,2,41.96617,-70.31083,4/18/2004
RIWH  ,1,42.01234,-70.32100,4/18/2004
RIWH  ,1,42.00250,-70.18633,4/21/2004
RIWH  ,2,42.01567,-70.18583,4/21/2004
RIWH  ,1,42.01517,-70.18833,4/21/2004
RIWH  ,2,42.01716,-70.19750,4/21/2004
RIWH  ,1,42.01700,-70.16067,4/21/2004
RIWH  ,1,42.01300,-70.17933,4/21/2004
RIWH  ,4,42.02384,-70.20383,4/21/2004
RIWH  ,2,41.93300,-70.20883,4/21/2004
RIWH  ,1,41.93150,-70.21433,4/21/2004
RIWH  ,1,41.94167,-70.21533,4/21/2004
RIWH  ,1,41.84000,-70.21167,4/21/2004
RIWH  ,1,41.95483,-70.54583,4/25/2004
RIWH  ,2,41.82550,-70.18166,5/5/2004
RIWH  ,1,41.85833,-70.16399,5/6/2004
RIWH  ,2,41.83783,-70.14666,5/6/2004
RIWH  ,1,41.80717,-70.22549,5/6/2004
RIWH  ,1,41.98567,-70.21484,5/8/2004
RIWH  ,1,41.80933,-70.36800,5/10/2004
RIWH  ,1,41.85167,-70.19666,3/21/1999
RIWH  ,1,41.82500,-70.22500,3/21/1999
RIWH  ,1,41.85500,-70.35833,3/26/1999
RIWH  ,1,41.84333,-70.38667,3/26/1999
RIWH  ,1,41.84833,-70.41167,3/26/1999
RIWH  ,1,41.89333,-70.30500,3/26/1999
RIWH  ,1,41.87000,-70.30666,3/26/1999
RIWH  ,1,41.86666,-70.35167,3/26/1999
RIWH  ,1,41.87167,-70.36333,3/26/1999
RIWH  ,1,41.88000,-70.37167,3/26/1999
RIWH  ,1,41.87667,-70.35833,3/26/1999
RIWH  ,1,41.88667,-70.39667,3/26/1999
RIWH  ,1,41.96667,-70.44334,3/26/1999
RIWH  ,1,41.98000,-70.44666,3/26/1999
RIWH  ,2,41.85566,-70.24400,1/30/2005
RIWH  ,1,41.85350,-70.23333,1/30/2005
RIWH  ,1,41.84333,-70.29300,2/1/2005
RIWH  ,1,41.82317,-70.21651,2/1/2005
RIWH  ,1,41.78583,-70.23734,2/1/2005
RIWH  ,1,41.77700,-70.22900,2/1/2005
RIWH  ,2,41.79066,-70.23583,2/2/2005
RIWH  ,1,41.82634,-70.25350,2/2/2005
RIWH  ,1,41.82500,-70.24583,2/2/2005
RIWH  ,1,41.84084,-70.23950,2/7/2005
RIWH  ,1,41.82750,-70.26050,2/7/2005
RIWH  ,1,41.78850,-70.22150,2/7/2005
RIWH  ,2,42.02883,-70.22366,2/8/2005
RIWH  ,1,42.01800,-70.22400,2/8/2005
RIWH  ,2,41.77400,-70.27333,2/9/2005
RIWH  ,1,41.86433,-70.27184,2/17/2005
RIWH  ,2,41.85700,-70.26217,2/17/2005
RIWH  ,1,41.82233,-70.32533,2/26/2005
RIWH  ,1,41.80700,-70.31967,2/26/2005
RIWH  ,1,41.83416,-70.34750,2/28/2005
RIWH  ,1,41.98817,-70.35633,2/28/2005
RIWH  ,1,41.93683,-70.34534,3/5/2005
RIWH  ,1,41.93866,-70.36433,3/5/2005
RIWH  ,1,41.85234,-70.29066,3/7/2005
RIWH  ,1,41.86234,-70.27966,3/7/2005
RIWH  ,1,41.85150,-70.27634,3/7/2005
RIWH  ,1,41.86200,-70.28300,3/7/2005
RIWH  ,1,41.88950,-70.32750,3/7/2005
RIWH  ,1,41.88383,-70.32900,3/7/2005
RIWH  ,1,41.88617,-70.33200,3/7/2005
RIWH  ,1,41.86650,-70.32567,3/7/2005
RIWH  ,1,41.97917,-70.20234,3/10/2005
RIWH  ,2,41.89717,-70.23933,3/11/2005
RIWH  ,3,41.91317,-70.24567,3/11/2005
RIWH  ,2,41.87833,-70.35167,3/25/1999
RIWH  ,2,41.87333,-70.38000,3/25/1999
RIWH  ,1,41.84295,-70.33244,3/18/2005
RIWH  ,1,41.84441,-70.33715,3/18/2005
RIWH  ,1,41.88182,-70.38091,3/20/2005
RIWH  ,1,41.78853,-70.37231,3/20/2005
RIWH  ,2,41.78915,-70.37596,3/20/2005
RIWH  ,1,41.79177,-70.37246,3/20/2005
RIWH  ,1,41.90816,-70.48904,3/22/2005
RIWH  ,2,42.02317,-70.00916,3/22/2005
RIWH  ,10,42.02425,-70.00729,3/22/2005
RIWH  ,1,42.02464,-70.00426,3/22/2005
RIWH  ,1,42.01704,-70.01892,3/22/2005
RIWH  ,1,42.04272,-70.35592,3/26/2005
RIWH  ,1,41.86666,-70.37000,3/25/1999
RIWH  ,1,41.87000,-70.40667,3/25/1999
RIWH  ,1,41.87333,-70.40500,3/25/1999
RIWH  ,1,41.84667,-70.39000,3/25/1999
RIWH  ,1,42.03348,-70.16941,3/26/2005
RIWH  ,1,41.92637,-70.29851,3/26/2005
RIWH  ,1,41.90232,-70.29552,3/26/2005
RIWH  ,2,41.90333,-70.29651,3/26/2005
RIWH  ,1,41.89075,-70.29320,3/26/2005
RIWH  ,1,41.88097,-70.28939,3/26/2005
RIWH  ,1,41.88232,-70.28672,3/26/2005
RIWH  ,1,41.86041,-70.31837,3/26/2005
RIWH  ,1,41.86192,-70.31773,3/26/2005
RIWH  ,2,41.87259,-70.29839,3/26/2005
RIWH  ,1,41.86133,-70.30496,3/26/2005
RIWH  ,1,41.84384,-70.35084,3/26/2005
RIWH  ,1,41.84331,-70.27847,3/26/2005
RIWH  ,2,41.77875,-70.28205,3/27/2005
RIWH  ,1,41.79345,-70.36946,3/27/2005
RIWH  ,4,41.83282,-70.31867,3/27/2005
RIWH  ,1,41.81383,-70.29107,3/27/2005
RIWH  ,1,41.79249,-70.24236,3/27/2005
RIWH  ,2,41.79053,-70.24083,3/27/2005
RIWH  ,1,41.85413,-70.30727,3/27/2005
RIWH  ,2,41.91841,-70.33228,3/27/2005
RIWH  ,2,41.79525,-70.37352,4/1/2005
RIWH  ,1,41.79674,-70.30199,4/1/2005
RIWH  ,1,41.80955,-70.32220,4/1/2005
RIWH  ,1,41.86333,-70.36500,3/25/1999
RIWH  ,1,41.86500,-70.33667,3/25/1999
RIWH  ,1,42.04324,-70.23791,4/1/2005
RIWH  ,2,41.83765,-70.31294,4/5/2005
RIWH  ,2,41.83275,-70.30892,4/5/2005
RIWH  ,2,41.85340,-70.30442,4/5/2005
RIWH  ,2,41.85278,-70.35130,4/5/2005
RIWH  ,3,41.97808,-70.14273,4/5/2005
RIWH  ,4,41.86363,-70.26710,4/6/2005
RIWH  ,2,41.95750,-70.42046,4/6/2005
RIWH  ,1,41.98527,-70.35174,4/6/2005
RIWH  ,2,42.00197,-70.40175,4/6/2005
RIWH  ,2,42.02076,-70.20255,4/10/2005
RIWH  ,3,41.89531,-70.16021,4/10/2005
RIWH  ,2,41.88851,-70.19930,4/10/2005
RIWH  ,3,41.84437,-70.20166,4/10/2005
RIWH  ,2,41.83863,-70.30659,4/10/2005
RIWH  ,2,41.78113,-70.31213,4/16/2005
RIWH  ,1,41.79232,-70.31135,4/16/2005
RIWH  ,2,41.78053,-70.25261,4/16/2005
RIWH  ,2,41.85501,-70.35678,4/16/2005
RIWH  ,1,41.82167,-70.36333,3/25/1999
RIWH  ,2,41.85944,-70.28569,4/16/2005
RIWH  ,1,41.87667,-70.25667,3/31/1999
RIWH  ,2,41.87167,-70.26334,3/31/1999
RIWH  ,2,41.87167,-70.27666,3/31/1999
RIWH  ,1,41.86833,-70.28667,3/31/1999
RIWH  ,1,41.90000,-70.23333,3/31/1999
RIWH  ,1,41.90333,-70.23000,3/31/1999
RIWH  ,1,41.90833,-70.22833,3/31/1999
RIWH  ,1,41.92167,-70.23833,3/31/1999
RIWH  ,1,41.89333,-70.24000,3/31/1999
RIWH  ,2,41.91000,-70.29833,3/31/1999
RIWH  ,1,41.91000,-70.29500,3/31/1999
RIWH  ,1,41.89333,-70.32500,3/31/1999
RIWH  ,2,41.90833,-70.33000,3/31/1999
RIWH  ,1,41.90000,-70.31834,3/31/1999
RIWH  ,2,41.90000,-70.31834,3/31/1999
RIWH  ,1,41.90000,-70.31834,3/31/1999
RIWH  ,1,41.90833,-70.30833,3/31/1999
RIWH  ,1,41.90833,-70.30833,3/31/1999
RIWH  ,3,41.90833,-70.28500,3/31/1999
RIWH  ,1,41.93833,-70.23333,3/31/1999
RIWH  ,1,41.93333,-70.31667,3/31/1999
RIWH  ,1,41.93333,-70.36500,3/31/1999
RIWH  ,2,41.75574,-70.35925,4/17/2005
RIWH  ,2,41.75834,-70.33443,4/17/2005
RIWH  ,2,41.75246,-70.27193,4/17/2005
RIWH  ,2,41.78615,-70.34867,4/17/2005
RIWH  ,1,42.03058,-70.02827,4/17/2005
RIWH  ,1,42.03564,-70.02969,4/17/2005
RIWH  ,1,42.03127,-70.02941,4/17/2005
RIWH  ,2,42.03154,-70.02311,4/17/2005
RIWH  ,1,42.02291,-70.01598,4/17/2005
RIWH  ,2,42.02195,-70.02149,4/17/2005
RIWH  ,1,42.00788,-70.00993,4/17/2005
RIWH  ,1,41.77293,-70.17801,4/22/2005
RIWH  ,2,41.77710,-70.25734,4/22/2005
RIWH  ,2,41.77389,-70.31013,4/22/2005
RIWH  ,2,41.82184,-70.42839,4/22/2005
RIWH  ,2,41.80829,-70.23157,4/22/2005
RIWH  ,1,41.88953,-70.22910,4/22/2005
RIWH  ,2,41.80159,-70.22860,4/26/2005
RIWH  ,2,41.79834,-70.22199,4/26/2005
RIWH  ,2,41.79889,-70.20342,4/26/2005
RIWH  ,2,41.83500,-70.22667,4/6/1999
RIWH  ,1,41.83500,-70.22667,4/6/1999
RIWH  ,2,41.83167,-70.24000,4/6/1999
RIWH  ,1,41.82667,-70.22833,4/6/1999
RIWH  ,1,41.83000,-70.23000,4/6/1999
RIWH  ,1,41.84333,-70.28333,4/6/1999
RIWH  ,1,41.84167,-70.17500,3/25/1998
RIWH  ,2,41.84000,-70.23167,3/25/1998
RIWH  ,6,41.83333,-70.16167,3/25/1998
RIWH  ,1,41.83833,-70.16666,3/25/1998
RIWH  ,1,41.77000,-70.26000,3/25/1998
RIWH  ,1,41.75167,-70.30833,3/25/1998
RIWH  ,2,42.05667,-70.24834,3/30/1998
RIWH  ,2,42.03333,-70.22500,3/30/1998
RIWH  ,1,42.00500,-70.23666,3/30/1998
RIWH  ,1,42.00167,-70.15166,4/19/1998
RIWH  ,1,41.98667,-70.11333,4/19/1998
RIWH  ,1,41.98167,-70.10833,4/19/1998
RIWH  ,2,41.77500,-70.18500,4/14/1998
RIWH  ,1,42.03667,-70.25500,4/21/1998
RIWH  ,1,41.83833,-70.27666,4/6/1999
RIWH  ,1,41.84167,-70.27500,4/6/1999
RIWH  ,1,41.83333,-70.26500,4/6/1999
RIWH  ,1,41.85833,-70.20667,4/6/1999
RIWH  ,1,41.89333,-70.18166,4/6/1999
RIWH  ,1,41.88334,-70.19500,4/6/1999
RIWH  ,1,41.88167,-70.19334,4/6/1999
RIWH  ,1,41.88334,-70.19833,4/6/1999
RIWH  ,1,41.88167,-70.19500,4/6/1999
RIWH  ,1,41.89167,-70.21167,4/6/1999
RIWH  ,1,41.89333,-70.20000,4/6/1999
RIWH  ,1,41.89167,-70.19500,4/6/1999
RIWH  ,1,41.98667,-70.23000,4/6/1999
RIWH  ,1,42.01500,-70.23500,4/6/1999
RIWH  ,1,42.01500,-70.23833,4/6/1999
RIWH  ,1,42.03333,-70.36166,4/6/1999
RIWH  ,1,41.84000,-70.27500,4/1/1999
RIWH  ,1,41.85333,-70.29667,4/1/1999
RIWH  ,2,41.84500,-70.29667,4/1/1999
RIWH  ,1,41.85833,-70.31000,4/1/1999
RIWH  ,2,41.88334,-70.21333,4/1/1999
RIWH  ,3,41.87833,-70.23000,4/1/1999
RIWH  ,1,41.91167,-70.29667,4/1/1999
RIWH  ,1,41.91000,-70.31000,4/1/1999
RIWH  ,2,41.89667,-70.28667,4/1/1999
RIWH  ,1,41.90167,-70.25667,4/1/1999
RIWH  ,1,41.90833,-70.25667,4/1/1999
RIWH  ,1,41.90833,-70.25333,4/1/1999
RIWH  ,1,41.95833,-70.33667,4/1/1999
RIWH  ,1,41.96167,-70.23666,4/1/1999
RIWH  ,1,42.00834,-70.19666,4/9/1999
RIWH  ,2,41.92167,-70.16000,4/9/1999
RIWH  ,2,41.90333,-70.13500,4/9/1999
RIWH  ,1,41.90333,-70.13500,4/9/1999
RIWH  ,3,41.91167,-70.15833,4/9/1999
RIWH  ,1,41.91167,-70.15833,4/9/1999
RIWH  ,1,41.90500,-70.31333,4/9/1999
RIWH  ,2,41.86000,-70.19500,4/9/1999
RIWH  ,1,41.86833,-70.16666,4/9/1999
RIWH  ,1,41.79500,-70.20500,4/9/1999
RIWH  ,1,41.78167,-70.29500,4/9/1999
RIWH  ,1,42.01500,-70.16500,4/15/1999
RIWH  ,1,42.01000,-70.23666,4/15/1999
RIWH  ,1,41.95833,-70.43833,4/15/1999
RIWH  ,1,41.85000,-70.20500,4/15/1999
RIWH  ,1,41.84833,-70.21167,4/15/1999
RIWH  ,2,41.85333,-70.20000,4/15/1999
RIWH  ,1,41.84000,-70.21333,4/15/1999
RIWH  ,1,41.83333,-70.20167,4/15/1999
RIWH  ,1,41.78833,-70.23500,4/15/1999
RIWH  ,1,41.79167,-70.22334,4/15/1999
RIWH  ,1,41.80167,-70.24167,4/15/1999
RIWH  ,1,41.77833,-70.25667,4/15/1999
RIWH  ,1,41.77167,-70.27167,4/15/1999
RIWH  ,1,41.78333,-70.19833,4/15/1999
RIWH  ,1,41.78333,-70.17333,4/15/1999
RIWH  ,1,41.75333,-70.31834,4/15/1999
RIWH  ,1,41.75667,-70.34666,4/15/1999
RIWH  ,1,42.00834,-70.13834,4/11/1999
RIWH  ,1,42.02167,-70.30167,4/11/1999
RIWH  ,1,42.02000,-70.30334,4/11/1999
RIWH  ,1,42.02000,-70.31167,4/11/1999
RIWH  ,2,41.98000,-70.31167,4/11/1999
RIWH  ,2,41.84833,-70.26500,4/11/1999
RIWH  ,1,41.85000,-70.26334,4/11/1999
RIWH  ,1,41.83333,-70.31000,4/11/1999
RIWH  ,1,41.84833,-70.30167,4/11/1999
RIWH  ,3,41.78667,-70.18667,4/20/1999
RIWH  ,1,41.78667,-70.18333,4/20/1999
RIWH  ,1,41.79500,-70.19334,4/20/1999
RIWH  ,1,41.79167,-70.22334,4/20/1999
RIWH  ,1,41.80333,-70.21833,4/20/1999
RIWH  ,1,41.80500,-70.20000,4/20/1999
RIWH  ,1,41.80667,-70.21167,4/20/1999
RIWH  ,4,41.81500,-70.21000,4/20/1999
RIWH  ,1,41.90500,-70.16167,4/20/1999
RIWH  ,1,41.97167,-70.40000,4/20/1999
RIWH  ,1,41.79833,-70.17667,4/21/1999
RIWH  ,1,41.80500,-70.18166,4/21/1999
RIWH  ,2,41.80167,-70.17834,4/21/1999
RIWH  ,1,41.80667,-70.17834,4/21/1999
RIWH  ,2,41.80000,-70.19334,4/21/1999
RIWH  ,1,41.80333,-70.19167,4/21/1999
RIWH  ,1,41.80833,-70.18667,4/21/1999
RIWH  ,1,41.78833,-70.23333,4/21/1999
RIWH  ,1,41.79333,-70.23666,4/21/1999
RIWH  ,1,41.81000,-70.18500,4/25/1999
RIWH  ,1,41.80500,-70.23500,4/25/1999
RIWH  ,4,41.80000,-70.23666,4/25/1999
RIWH  ,1,41.80500,-70.23333,4/25/1999
RIWH  ,2,41.78333,-70.33667,4/25/1999
RIWH  ,1,41.77333,-70.34000,4/25/1999
RIWH  ,1,41.76167,-70.35167,4/25/1999
RIWH  ,1,41.76667,-70.34666,4/25/1999
RIWH  ,1,41.75834,-70.35500,4/25/1999
RIWH  ,1,41.76500,-70.26667,4/25/1999
RIWH  ,1,41.76000,-70.27500,4/25/1999
RIWH  ,1,41.78333,-70.30334,4/28/1999
RIWH  ,1,41.78167,-70.30167,4/28/1999
RIWH  ,1,41.85833,-70.41500,5/2/1999
RIWH  ,1,41.81333,-70.47000,5/1/1999
RIWH  ,1,41.93667,-70.23000,5/1/1999
RIWH  ,1,42.00333,-70.54166,5/1/1999
RIWH  ,1,41.89667,-70.26167,1/20/2000
RIWH  ,1,41.91000,-70.25333,1/27/2000
RIWH  ,1,42.02500,-70.22000,1/30/2000
RIWH  ,1,42.02000,-70.20834,1/30/2000
RIWH  ,1,41.88000,-70.37666,2/3/2000
RIWH  ,4,41.96167,-70.16167,2/3/2000
RIWH  ,1,41.96167,-70.16167,2/3/2000
RIWH  ,1,41.96167,-70.16167,2/3/2000
RIWH  ,2,41.98000,-70.18667,2/3/2000
RIWH  ,1,42.00000,-70.40833,2/3/2000
RIWH  ,1,41.92667,-70.21667,2/8/2000
RIWH  ,1,41.96000,-70.13834,2/8/2000
RIWH  ,2,41.96833,-70.13834,2/8/2000
RIWH  ,1,41.96833,-70.13834,2/8/2000
RIWH  ,1,41.96333,-70.13333,2/8/2000
RIWH  ,1,41.97167,-70.13667,2/8/2000
RIWH  ,1,42.02000,-70.22334,2/8/2000
RIWH  ,2,42.01000,-70.20333,2/8/2000
RIWH  ,1,41.91500,-70.16666,2/10/2000
RIWH  ,1,41.97000,-70.35833,2/10/2000
RIWH  ,1,41.98500,-70.23833,2/10/2000
RIWH  ,1,41.97833,-70.24333,2/10/2000
RIWH  ,3,41.97333,-70.25166,2/10/2000
RIWH  ,1,41.97833,-70.24500,2/10/2000
RIWH  ,2,41.98833,-70.23333,2/10/2000
RIWH  ,1,42.00000,-70.23500,2/10/2000
RIWH  ,1,41.98500,-70.20667,2/10/2000
RIWH  ,1,41.99833,-70.21000,2/10/2000
RIWH  ,2,41.98833,-70.21333,2/10/2000
RIWH  ,1,41.79333,-70.27500,2/13/2000
RIWH  ,1,41.82000,-70.30167,2/13/2000
RIWH  ,1,41.79667,-70.30000,2/13/2000
RIWH  ,1,41.86333,-70.35000,2/13/2000
RIWH  ,1,41.97667,-70.18000,2/13/2000
RIWH  ,1,41.99166,-70.17000,2/13/2000
RIWH  ,2,41.98500,-70.17667,2/13/2000
RIWH  ,1,41.99667,-70.17333,2/13/2000
RIWH  ,1,41.99166,-70.17167,2/13/2000
RIWH  ,1,41.98167,-70.17333,2/13/2000
RIWH  ,1,41.79000,-70.37167,2/18/2000
RIWH  ,1,41.78333,-70.37500,2/18/2000
RIWH  ,1,41.79167,-70.37334,2/18/2000
RIWH  ,1,41.79833,-70.38000,2/18/2000
RIWH  ,1,41.80500,-70.39667,2/18/2000
RIWH  ,1,41.85000,-70.42167,2/20/2000
RIWH  ,1,41.84833,-70.44833,2/20/2000
RIWH  ,1,41.80833,-70.32500,2/20/2000
RIWH  ,2,41.80833,-70.32500,2/20/2000
RIWH  ,2,41.81333,-70.32166,2/20/2000
RIWH  ,2,41.80833,-70.40166,2/20/2000
RIWH  ,5,41.80667,-70.40334,2/20/2000
RIWH  ,1,41.85833,-70.28833,2/20/2000
RIWH  ,1,41.84833,-70.26500,2/20/2000
RIWH  ,1,41.89167,-70.30666,2/20/2000
RIWH  ,1,41.89167,-70.40833,2/20/2000
RIWH  ,1,41.89333,-70.42167,2/20/2000
RIWH  ,1,41.88500,-70.41666,2/20/2000
RIWH  ,1,41.89333,-70.42000,2/20/2000
RIWH  ,1,41.93000,-70.41500,2/20/2000
RIWH  ,1,41.95000,-70.43667,2/22/2000
RIWH  ,1,41.89500,-70.43333,2/22/2000
RIWH  ,1,41.89667,-70.43166,2/22/2000
RIWH  ,1,41.88833,-70.43000,2/22/2000
RIWH  ,1,41.85833,-70.25000,2/22/2000
RIWH  ,1,41.84500,-70.26167,2/22/2000
RIWH  ,1,41.83500,-70.30000,2/22/2000
RIWH  ,1,41.82167,-70.30000,2/22/2000
RIWH  ,1,41.79500,-70.36166,2/22/2000
RIWH  ,1,41.81333,-70.34834,2/22/2000
RIWH  ,2,41.80000,-70.37167,2/22/2000
RIWH  ,1,41.80500,-70.32833,2/22/2000
RIWH  ,1,41.79833,-70.36166,2/22/2000
RIWH  ,1,41.79833,-70.38167,2/22/2000
RIWH  ,1,41.80333,-70.37167,2/22/2000
RIWH  ,1,41.80333,-70.36500,2/22/2000
RIWH  ,1,41.86167,-70.25500,2/24/2000
RIWH  ,1,41.83667,-70.23167,2/24/2000
RIWH  ,1,41.83667,-70.23167,2/24/2000
RIWH  ,1,41.83333,-70.23833,2/24/2000
RIWH  ,1,41.85000,-70.24333,2/24/2000
RIWH  ,2,41.83667,-70.23833,2/24/2000
RIWH  ,2,41.83000,-70.25000,2/24/2000
RIWH  ,1,41.83500,-70.29667,2/24/2000
RIWH  ,1,41.83500,-70.36667,2/24/2000
RIWH  ,2,41.83500,-70.26667,2/24/2000
RIWH  ,1,41.81500,-70.28167,2/24/2000
RIWH  ,1,41.79333,-70.18667,2/24/2000
RIWH  ,1,41.77500,-70.24333,2/24/2000
RIWH  ,1,41.96667,-70.44334,3/1/2000
RIWH  ,3,41.81500,-70.23833,3/1/2000
RIWH  ,2,41.82167,-70.23833,3/1/2000
RIWH  ,1,41.81833,-70.23833,3/1/2000
RIWH  ,1,41.77333,-70.28667,3/1/2000
RIWH  ,1,41.82833,-70.45834,3/1/2000
RIWH  ,1,41.85333,-70.44500,3/1/2000
RIWH  ,1,41.85500,-70.45834,3/1/2000
RIWH  ,1,42.03333,-70.31667,3/1/2000
RIWH  ,2,41.82000,-70.28167,3/1/2000
RIWH  ,7,41.83333,-70.28500,3/1/2000
RIWH  ,1,41.81833,-70.29500,3/1/2000
RIWH  ,3,41.81333,-70.23000,3/1/2000
RIWH  ,2,41.82167,-70.23333,3/1/2000
RIWH  ,2,41.82667,-70.24167,3/1/2000
RIWH  ,2,41.80833,-70.23500,3/1/2000
RIWH  ,3,41.83167,-70.24500,3/1/2000
RIWH  ,2,41.83167,-70.27834,3/1/2000
RIWH  ,1,41.85667,-70.32833,3/1/2000
RIWH  ,3,41.85833,-70.28167,3/1/2000
RIWH  ,1,41.86500,-70.25500,3/1/2000
RIWH  ,1,41.87333,-70.21500,3/1/2000
RIWH  ,1,41.89000,-70.22500,3/1/2000
RIWH  ,1,41.88500,-70.22833,3/1/2000
RIWH  ,2,41.90500,-70.18667,3/2/2000
RIWH  ,1,41.94000,-70.17834,3/2/2000
RIWH  ,1,41.93667,-70.18000,3/2/2000
RIWH  ,1,41.93833,-70.18000,3/2/2000
RIWH  ,1,41.93667,-70.18333,3/2/2000
RIWH  ,1,41.93833,-70.18166,3/2/2000
RIWH  ,1,41.86833,-70.26500,3/2/2000
RIWH  ,2,41.87833,-70.25833,3/2/2000
RIWH  ,1,41.87667,-70.26667,3/2/2000
RIWH  ,1,41.88167,-70.25833,3/2/2000
RIWH  ,1,41.86500,-70.27333,3/2/2000
RIWH  ,1,41.86833,-70.25833,3/2/2000
RIWH  ,1,41.86666,-70.26667,3/2/2000
RIWH  ,1,41.84500,-70.28167,3/2/2000
RIWH  ,1,41.84833,-70.28500,3/2/2000
RIWH  ,1,41.85500,-70.28833,3/2/2000
RIWH  ,1,41.90000,-70.22500,3/2/2000
RIWH  ,1,41.83167,-70.20667,3/2/2000
RIWH  ,1,41.86666,-70.23167,3/2/2000
RIWH  ,1,41.86333,-70.23167,3/2/2000
RIWH  ,1,41.86333,-70.24000,3/2/2000
RIWH  ,1,41.86833,-70.23167,3/2/2000
RIWH  ,2,41.78833,-70.43166,3/2/2000
RIWH  ,1,41.99833,-70.15000,3/5/2000
RIWH  ,1,41.99333,-70.18500,3/5/2000
RIWH  ,1,42.01500,-70.19334,3/5/2000
RIWH  ,1,42.01833,-70.19167,3/5/2000
RIWH  ,1,41.97833,-70.19000,3/5/2000
RIWH  ,1,41.97000,-70.18000,3/5/2000
RIWH  ,1,41.92833,-70.34167,3/5/2000
RIWH  ,1,41.87167,-70.32667,3/5/2000
RIWH  ,1,41.89333,-70.18166,3/5/2000
RIWH  ,1,41.89333,-70.18166,3/5/2000
RIWH  ,1,41.85167,-70.30666,3/5/2000
RIWH  ,1,41.79333,-70.32333,3/5/2000
RIWH  ,1,41.81833,-70.32333,3/5/2000
RIWH  ,1,41.81000,-70.31167,3/5/2000
RIWH  ,2,41.75667,-70.41000,3/5/2000
RIWH  ,1,42.00500,-70.40667,3/8/2000
RIWH  ,1,41.94167,-70.25333,3/8/2000
RIWH  ,1,41.91833,-70.23833,3/8/2000
RIWH  ,1,41.91833,-70.26000,3/8/2000
RIWH  ,1,41.91000,-70.26500,3/8/2000
RIWH  ,2,41.93000,-70.24500,3/8/2000
RIWH  ,1,41.91000,-70.23833,3/8/2000
RIWH  ,1,41.91000,-70.23666,3/8/2000
RIWH  ,1,41.91833,-70.15500,3/8/2000
RIWH  ,4,41.90333,-70.17167,3/8/2000
RIWH  ,1,41.91167,-70.17333,3/8/2000
RIWH  ,4,41.91833,-70.17333,3/8/2000
RIWH  ,1,41.90333,-70.21167,3/8/2000
RIWH  ,1,41.88667,-70.21333,3/8/2000
RIWH  ,3,41.88500,-70.20834,3/8/2000
RIWH  ,1,41.88833,-70.22166,3/8/2000
RIWH  ,1,41.84667,-70.26000,3/8/2000
RIWH  ,2,41.84333,-70.25667,3/8/2000
RIWH  ,1,41.79667,-70.30833,3/8/2000
RIWH  ,1,41.77833,-70.26167,3/8/2000
RIWH  ,1,41.78000,-70.26167,3/8/2000
RIWH  ,1,41.99333,-70.19666,3/7/2000
RIWH  ,1,41.99667,-70.20333,3/7/2000
RIWH  ,1,41.99833,-70.21833,3/7/2000
RIWH  ,1,41.97833,-70.40833,3/7/2000
RIWH  ,1,41.96000,-70.21333,3/7/2000
RIWH  ,1,41.93833,-70.24167,3/7/2000
RIWH  ,1,41.89500,-70.21833,3/7/2000
RIWH  ,1,41.89333,-70.21333,3/7/2000
RIWH  ,1,41.89167,-70.22000,3/7/2000
RIWH  ,2,41.88667,-70.21167,3/7/2000
RIWH  ,1,41.87000,-70.16167,3/7/2000
RIWH  ,1,41.84500,-70.30167,3/7/2000
RIWH  ,1,41.84000,-70.30334,3/7/2000
RIWH  ,2,41.83667,-70.28500,3/7/2000
RIWH  ,1,41.82000,-70.29166,3/7/2000
RIWH  ,1,41.81667,-70.28667,3/7/2000
RIWH  ,1,42.04333,-70.51667,3/11/2000
RIWH  ,1,42.00834,-70.19500,3/11/2000
RIWH  ,1,42.01667,-70.17167,3/11/2000
RIWH  ,1,42.02667,-70.16333,3/11/2000
RIWH  ,1,41.99333,-70.17167,3/11/2000
RIWH  ,1,41.99000,-70.14000,3/11/2000
RIWH  ,1,41.95167,-70.13000,3/11/2000
RIWH  ,1,41.95500,-70.17834,3/11/2000
RIWH  ,1,41.97333,-70.23500,3/11/2000
RIWH  ,2,41.91833,-70.20000,3/11/2000
RIWH  ,1,41.90500,-70.21500,3/11/2000
RIWH  ,1,41.89500,-70.21500,3/11/2000
RIWH  ,1,41.91167,-70.19833,3/11/2000
RIWH  ,1,41.89167,-70.25000,3/11/2000
RIWH  ,1,41.88667,-70.27333,3/11/2000
RIWH  ,1,41.89333,-70.27167,3/11/2000
RIWH  ,1,41.79333,-70.40833,3/14/2000
RIWH  ,1,41.79167,-70.45667,3/14/2000
RIWH  ,1,41.79000,-70.40500,3/14/2000
RIWH  ,1,41.80167,-70.38333,3/14/2000
RIWH  ,1,41.80000,-70.38500,3/14/2000
RIWH  ,1,41.80667,-70.31000,3/14/2000
RIWH  ,1,41.80667,-70.30500,3/14/2000
RIWH  ,2,41.79667,-70.31167,3/14/2000
RIWH  ,1,41.83500,-70.32166,3/14/2000
RIWH  ,1,41.83833,-70.32500,3/14/2000
RIWH  ,1,41.84333,-70.31667,3/14/2000
RIWH  ,1,41.84333,-70.31667,3/14/2000
RIWH  ,1,41.84833,-70.31167,3/14/2000
RIWH  ,1,41.88334,-70.37167,3/14/2000
RIWH  ,1,41.98500,-70.09500,3/23/2000
RIWH  ,1,42.01167,-70.17667,3/23/2000
RIWH  ,1,42.01833,-70.09333,3/23/2000
RIWH  ,1,42.03167,-70.14500,3/23/2000
RIWH  ,2,42.03000,-70.17500,3/23/2000
RIWH  ,1,42.00834,-70.15833,3/23/2000
RIWH  ,2,42.00333,-70.17834,3/23/2000
RIWH  ,2,42.01333,-70.19666,3/23/2000
RIWH  ,2,42.02667,-70.22166,3/23/2000
RIWH  ,2,42.00000,-70.16000,3/23/2000
RIWH  ,1,42.00000,-70.17333,3/23/2000
RIWH  ,1,41.99667,-70.15500,3/23/2000
RIWH  ,1,41.99667,-70.17000,3/23/2000
RIWH  ,1,41.99166,-70.16167,3/23/2000
RIWH  ,1,42.02000,-70.16666,3/23/2000
RIWH  ,1,41.99166,-70.16666,3/23/2000
RIWH  ,1,41.98167,-70.37000,3/23/2000
RIWH  ,1,41.97833,-70.36667,3/23/2000
RIWH  ,1,41.98333,-70.36833,3/23/2000
RIWH  ,4,41.96500,-70.14667,3/23/2000
RIWH  ,1,41.97000,-70.13167,3/23/2000
RIWH  ,1,41.95500,-70.12500,3/23/2000
RIWH  ,1,41.95333,-70.13333,3/23/2000
RIWH  ,2,41.90000,-70.16167,3/23/2000
RIWH  ,1,41.89833,-70.16500,3/23/2000
RIWH  ,1,41.91167,-70.16500,3/23/2000
RIWH  ,1,41.91333,-70.16500,3/23/2000
RIWH  ,1,41.93667,-70.14500,3/23/2000
RIWH  ,1,41.94000,-70.13667,3/23/2000
RIWH  ,1,41.93333,-70.43500,3/23/2000
RIWH  ,1,41.89333,-70.14500,3/23/2000
RIWH  ,1,41.78000,-70.37666,3/23/2000
RIWH  ,1,41.80833,-70.36667,3/23/2000
RIWH  ,1,41.76500,-70.27666,3/23/2000
RIWH  ,1,42.02167,-70.26334,3/25/2000
RIWH  ,1,42.02333,-70.26500,3/25/2000
RIWH  ,3,42.02333,-70.21667,3/25/2000
RIWH  ,1,42.01500,-70.17834,3/25/2000
RIWH  ,1,42.01500,-70.18333,3/25/2000
RIWH  ,1,42.01167,-70.20000,3/25/2000
RIWH  ,1,42.00834,-70.19334,3/25/2000
RIWH  ,1,42.00834,-70.19334,3/25/2000
RIWH  ,1,42.01167,-70.18166,3/25/2000
RIWH  ,1,42.01167,-70.18000,3/25/2000
RIWH  ,1,41.96500,-70.23500,3/25/2000
RIWH  ,1,41.95333,-70.23666,3/25/2000
RIWH  ,2,41.95333,-70.23833,3/25/2000
RIWH  ,1,41.95333,-70.23833,3/25/2000
RIWH  ,2,41.95333,-70.23666,3/25/2000
RIWH  ,1,41.98167,-70.16000,3/25/2000
RIWH  ,1,41.93667,-70.23666,3/25/2000
RIWH  ,2,41.87833,-70.19334,3/25/2000
RIWH  ,1,41.91500,-70.41833,3/27/2000
RIWH  ,3,41.93167,-70.13667,3/27/2000
RIWH  ,1,41.93667,-70.13167,3/27/2000
RIWH  ,3,41.91667,-70.14333,3/27/2000
RIWH  ,1,41.91167,-70.14500,3/27/2000
RIWH  ,1,41.91500,-70.14167,3/27/2000
RIWH  ,1,41.94500,-70.13167,3/27/2000
RIWH  ,5,41.96500,-70.12666,3/27/2000
RIWH  ,1,41.96833,-70.12833,3/27/2000
RIWH  ,5,41.97167,-70.12167,3/27/2000
RIWH  ,1,41.97833,-70.18667,3/27/2000
RIWH  ,1,41.95000,-70.18500,3/27/2000
RIWH  ,1,41.97833,-70.26000,3/27/2000
RIWH  ,1,41.97667,-70.16000,3/27/2000
RIWH  ,1,41.97833,-70.15500,3/27/2000
RIWH  ,1,41.97667,-70.16500,3/27/2000
RIWH  ,2,41.99000,-70.16167,3/27/2000
RIWH  ,1,41.99500,-70.11667,3/27/2000
RIWH  ,3,41.99667,-70.13333,3/27/2000
RIWH  ,1,41.99667,-70.16666,3/27/2000
RIWH  ,1,42.00000,-70.18000,3/27/2000
RIWH  ,1,41.92833,-70.28833,3/31/2000
RIWH  ,1,41.92500,-70.22833,3/31/2000
RIWH  ,1,41.90500,-70.19334,3/31/2000
RIWH  ,1,41.90667,-70.21500,3/31/2000
RIWH  ,1,41.91167,-70.15166,3/31/2000
RIWH  ,2,41.93333,-70.15500,3/31/2000
RIWH  ,1,41.93000,-70.15166,3/31/2000
RIWH  ,1,41.94667,-70.23167,3/31/2000
RIWH  ,1,42.05667,-70.29000,3/31/2000
RIWH  ,1,42.02500,-70.29500,4/1/2000
RIWH  ,1,42.01833,-70.29000,4/1/2000
RIWH  ,1,42.02167,-70.29000,4/1/2000
RIWH  ,1,41.99000,-70.30167,4/1/2000
RIWH  ,1,41.99333,-70.30000,4/1/2000
RIWH  ,1,41.99500,-70.30500,4/1/2000
RIWH  ,2,41.94833,-70.22000,4/1/2000
RIWH  ,1,41.92667,-70.22500,4/1/2000
RIWH  ,1,41.92000,-70.21667,4/1/2000
RIWH  ,5,41.91500,-70.20500,4/1/2000
RIWH  ,2,41.92000,-70.20834,4/1/2000
RIWH  ,1,41.92167,-70.20500,4/1/2000
RIWH  ,1,41.88833,-70.23666,4/1/2000
RIWH  ,1,41.88667,-70.24000,4/1/2000
RIWH  ,1,41.89833,-70.22667,4/1/2000
RIWH  ,2,41.89500,-70.26334,4/1/2000
RIWH  ,1,41.80167,-70.19334,4/7/2000
RIWH  ,1,41.89833,-70.15334,4/7/2000
RIWH  ,1,41.89167,-70.15667,4/7/2000
RIWH  ,1,41.89167,-70.16500,4/7/2000
RIWH  ,1,41.88667,-70.15334,4/7/2000
RIWH  ,17,41.90833,-70.15166,4/7/2000
RIWH  ,1,41.91833,-70.13333,4/7/2000
RIWH  ,5,41.96167,-70.11667,4/7/2000
RIWH  ,2,41.95833,-70.12000,4/7/2000
RIWH  ,1,41.96500,-70.13333,4/7/2000
RIWH  ,2,41.96667,-70.13333,4/7/2000
RIWH  ,1,41.86500,-70.19833,4/7/2000
RIWH  ,1,41.88667,-70.27000,4/7/2000
RIWH  ,1,41.92167,-70.15334,4/11/2000
RIWH  ,2,41.95167,-70.14833,4/11/2000
RIWH  ,2,41.93667,-70.34167,1/15/1998
RIWH  ,1,41.93333,-70.37833,1/15/1998
RIWH  ,8,41.94333,-70.33334,1/15/1998
RIWH  ,5,41.86333,-70.33000,1/15/1998
RIWH  ,2,41.83500,-70.32000,1/15/1998
RIWH  ,1,41.83167,-70.41500,1/15/1998
RIWH  ,5,41.85000,-70.35000,1/4/1998
RIWH  ,1,41.88167,-70.20000,1/4/1998
RIWH  ,2,41.85500,-70.33000,1/4/1998
RIWH  ,2,41.84667,-70.34500,1/4/1998
RIWH  ,1,41.94333,-70.49500,1/12/1998
RIWH  ,1,41.88500,-70.39000,1/12/1998
RIWH  ,1,41.90167,-70.42167,1/12/1998
RIWH  ,1,41.82667,-70.38167,1/12/1998
RIWH  ,1,41.80833,-70.47667,1/12/1998
RIWH  ,3,41.83333,-70.23833,1/19/1998
RIWH  ,3,41.95500,-70.24667,1/22/1998
RIWH  ,1,41.87000,-70.19833,1/22/1998
RIWH  ,3,41.94000,-70.24333,1/22/1998
RIWH  ,2,41.85333,-70.24333,1/22/1998
RIWH  ,1,41.82333,-70.32833,1/22/1998
RIWH  ,5,41.84667,-70.26000,1/22/1998
RIWH  ,1,41.93333,-70.11166,1/27/1998
RIWH  ,2,41.91833,-70.11500,1/27/1998
RIWH  ,1,41.90833,-70.14167,1/27/1998
RIWH  ,2,41.91000,-70.14667,1/27/1998
RIWH  ,3,41.83333,-70.24000,1/27/1998
RIWH  ,1,41.94167,-70.11333,2/3/1998
RIWH  ,1,41.88167,-70.22667,2/3/1998
RIWH  ,3,41.83333,-70.26000,2/3/1998
RIWH  ,3,41.80333,-70.32833,2/3/1998
RIWH  ,2,41.78000,-70.22667,2/3/1998
RIWH  ,5,41.77500,-70.20500,2/3/1998
RIWH  ,1,41.98167,-70.16666,2/2/1998
RIWH  ,1,41.87167,-70.20000,2/2/1998
RIWH  ,3,41.87000,-70.19000,2/2/1998
RIWH  ,1,41.96000,-70.28000,2/2/1998
RIWH  ,3,41.82500,-70.27834,2/2/1998
RIWH  ,1,41.82833,-70.28500,2/2/1998
RIWH  ,1,41.82500,-70.29166,2/2/1998
RIWH  ,1,41.83333,-70.29166,2/2/1998
RIWH  ,1,41.82500,-70.28667,2/2/1998
RIWH  ,1,41.81167,-70.21000,2/2/1998
RIWH  ,1,41.80833,-70.26500,2/2/1998
RIWH  ,1,41.77833,-70.17834,2/2/1998
RIWH  ,1,41.79167,-70.21500,2/2/1998
RIWH  ,2,41.79333,-70.20834,2/2/1998
RIWH  ,1,41.96500,-70.22500,1/30/1998
RIWH  ,13,41.81833,-70.24333,1/30/1998
RIWH  ,1,41.80167,-70.21833,1/30/1998
RIWH  ,1,41.83333,-70.24834,1/30/1998
RIWH  ,1,41.85833,-70.25500,1/30/1998
RIWH  ,1,41.85833,-70.25667,1/30/1998
RIWH  ,1,41.88334,-70.33833,1/30/1998
RIWH  ,1,41.89000,-70.27834,2/9/1998
RIWH  ,1,41.87000,-70.21167,2/9/1998
RIWH  ,1,41.86000,-70.23333,2/9/1998
RIWH  ,2,41.86167,-70.30500,2/9/1998
RIWH  ,4,41.84667,-70.39667,2/9/1998
RIWH  ,1,41.83833,-70.39167,2/9/1998
RIWH  ,1,41.84333,-70.39167,2/9/1998
RIWH  ,1,41.82167,-70.22334,2/9/1998
RIWH  ,1,41.83000,-70.23833,2/9/1998
RIWH  ,1,41.82167,-70.23167,2/9/1998
RIWH  ,2,41.83167,-70.21833,2/9/1998
RIWH  ,1,41.83000,-70.22166,2/9/1998
RIWH  ,1,42.00834,-70.29333,2/16/1998
RIWH  ,8,41.88500,-70.18000,2/16/1998
RIWH  ,3,41.86000,-70.16500,2/16/1998
RIWH  ,2,41.86666,-70.23000,2/16/1998
RIWH  ,1,41.78833,-70.27500,2/16/1998
RIWH  ,3,41.79333,-70.18000,2/16/1998
RIWH  ,1,41.90333,-70.24000,2/10/1998
RIWH  ,4,41.85833,-70.36500,2/10/1998
RIWH  ,4,41.84167,-70.30334,2/10/1998
RIWH  ,2,41.83167,-70.20000,2/10/1998
RIWH  ,1,41.83167,-70.22166,2/10/1998
RIWH  ,2,41.96833,-70.13834,2/17/1998
RIWH  ,1,41.97167,-70.13000,2/17/1998
RIWH  ,1,41.77333,-70.23666,2/17/1998
RIWH  ,1,41.77500,-70.23833,2/17/1998
RIWH  ,2,41.96333,-70.12167,2/20/1998
RIWH  ,1,41.95833,-70.12666,2/20/1998
RIWH  ,1,41.97833,-70.14500,2/20/1998
RIWH  ,1,41.82667,-70.24167,2/20/1998
RIWH  ,3,41.82167,-70.31500,2/20/1998
RIWH  ,3,41.77500,-70.21500,2/20/1998
RIWH  ,1,41.77500,-70.21500,2/20/1998
RIWH  ,2,41.78000,-70.20500,2/20/1998
RIWH  ,2,41.78833,-70.18333,2/20/1998
RIWH  ,2,42.00333,-70.18667,2/23/1998
RIWH  ,4,41.81333,-70.15500,2/23/1998
RIWH  ,2,42.02000,-70.18000,3/5/1998
RIWH  ,1,42.01833,-70.17834,3/5/1998
RIWH  ,2,42.00500,-70.19000,3/5/1998
RIWH  ,2,41.81667,-70.18667,3/5/1998
RIWH  ,1,41.80833,-70.18333,3/5/1998
RIWH  ,1,41.80667,-70.18000,3/5/1998
RIWH  ,1,41.80833,-70.18333,3/5/1998
RIWH  ,1,41.81833,-70.18667,3/5/1998
RIWH  ,1,41.82833,-70.18667,3/5/1998
RIWH  ,2,41.81500,-70.18500,3/5/1998
RIWH  ,2,41.98167,-70.16000,3/5/1998
RIWH  ,1,42.03000,-70.21667,3/4/1998
RIWH  ,2,42.04167,-70.16167,3/4/1998
RIWH  ,1,42.04500,-70.16500,3/4/1998
RIWH  ,2,42.04000,-70.17167,3/4/1998
RIWH  ,2,42.03667,-70.16000,3/4/1998
RIWH  ,2,42.03333,-70.17000,3/4/1998
RIWH  ,3,42.03833,-70.15000,3/4/1998
RIWH  ,2,42.03833,-70.15833,3/4/1998
RIWH  ,2,42.04000,-70.14333,3/4/1998
RIWH  ,1,42.04000,-70.14333,3/4/1998
RIWH  ,1,42.03500,-70.13667,3/4/1998
RIWH  ,1,42.00834,-70.14167,3/4/1998
RIWH  ,1,41.97667,-70.15166,3/4/1998
RIWH  ,1,41.96333,-70.17167,3/4/1998
RIWH  ,1,41.96333,-70.20000,3/4/1998
RIWH  ,1,41.92833,-70.20500,3/4/1998
RIWH  ,1,41.83667,-70.12000,3/4/1998
RIWH  ,7,41.80500,-70.14333,3/4/1998
RIWH  ,3,41.80167,-70.15667,3/4/1998
RIWH  ,1,41.79167,-70.27333,3/4/1998
RIWH  ,1,41.77833,-70.27834,3/4/1998
RIWH  ,1,41.80333,-70.17167,3/4/1998
RIWH  ,3,41.80333,-70.17834,3/4/1998
RIWH  ,1,41.80667,-70.18166,3/4/1998
RIWH  ,1,41.91500,-70.26500,3/17/1998
RIWH  ,2,41.76167,-70.18833,3/17/1998
RIWH  ,2,41.98333,-70.18166,3/24/1998
RIWH  ,6,41.90500,-70.36500,3/24/1998
RIWH  ,1,41.89833,-70.36667,3/24/1998
RIWH  ,1,41.91167,-70.36667,3/24/1998
RIWH  ,1,41.82667,-70.21000,3/24/1998
RIWH  ,1,42.01833,-70.20667,3/7/1998
RIWH  ,6,41.80500,-70.16666,3/7/1998
RIWH  ,1,41.88167,-70.22500,3/13/1998
RIWH  ,3,41.98667,-70.17167,12/19/2001
RIWH  ,1,41.98667,-70.17167,12/19/2001
RIWH  ,1,41.98667,-70.17000,12/19/2001
RIWH  ,1,41.96000,-70.23666,1/5/2001
RIWH  ,2,41.93000,-70.20500,1/5/2001
RIWH  ,1,41.89667,-70.21833,1/5/2001
RIWH  ,1,41.88667,-70.34500,1/5/2001
RIWH  ,1,41.86000,-70.27167,1/5/2001
RIWH  ,2,41.82333,-70.23167,1/5/2001
RIWH  ,8,41.90500,-70.17667,1/8/2001
RIWH  ,2,41.89167,-70.18667,1/8/2001
RIWH  ,5,41.90000,-70.17667,1/13/2001
RIWH  ,1,41.95333,-70.19666,1/23/2001
RIWH  ,1,41.88334,-70.15667,1/23/2001
RIWH  ,1,41.86666,-70.24333,1/23/2001
RIWH  ,2,41.99000,-70.16333,1/24/2001
RIWH  ,1,41.99000,-70.16333,1/24/2001
RIWH  ,1,41.96167,-70.17834,1/24/2001
RIWH  ,2,41.97000,-70.16333,1/24/2001
RIWH  ,1,41.99833,-70.19833,1/29/2001
RIWH  ,2,42.01667,-70.18667,1/29/2001
RIWH  ,7,42.01667,-70.18833,1/29/2001
RIWH  ,1,42.04667,-70.40334,2/1/2001
RIWH  ,2,42.02000,-70.21500,2/1/2001
RIWH  ,1,42.01167,-70.19000,2/1/2001
RIWH  ,1,42.01500,-70.20834,2/1/2001
RIWH  ,1,42.02000,-70.21000,2/1/2001
RIWH  ,1,42.00834,-70.16833,2/4/2001
RIWH  ,1,42.00667,-70.20333,2/4/2001
RIWH  ,1,42.01167,-70.20500,2/4/2001
RIWH  ,1,41.97667,-70.18000,2/4/2001
RIWH  ,1,41.97500,-70.18000,2/4/2001
RIWH  ,1,41.97667,-70.18166,2/4/2001
RIWH  ,1,41.97333,-70.16833,2/4/2001
RIWH  ,1,41.96833,-70.17667,2/4/2001
RIWH  ,1,41.97000,-70.17834,2/4/2001
RIWH  ,1,41.97500,-70.16666,2/4/2001
RIWH  ,1,41.98000,-70.17834,2/4/2001
RIWH  ,1,41.97500,-70.17834,2/4/2001
RIWH  ,1,41.97333,-70.17333,2/4/2001
RIWH  ,1,41.96333,-70.25000,2/14/2001
RIWH  ,1,41.99333,-70.19334,2/16/2001
RIWH  ,1,42.02167,-70.22166,2/16/2001
RIWH  ,1,41.98167,-70.20834,2/16/2001
RIWH  ,1,42.00500,-70.20500,2/16/2001
RIWH  ,3,42.00834,-70.20000,2/16/2001
RIWH  ,2,41.94000,-70.20333,2/22/2001
RIWH  ,2,41.95833,-70.25833,2/22/2001
RIWH  ,2,41.98833,-70.25500,2/22/2001
RIWH  ,1,41.94000,-70.24333,2/22/2001
RIWH  ,1,41.93833,-70.24500,2/22/2001
RIWH  ,1,41.92500,-70.22000,2/22/2001
RIWH  ,1,42.02167,-70.42667,3/17/2001
RIWH  ,2,42.02500,-70.34333,3/17/2001
RIWH  ,2,42.02833,-70.21667,3/17/2001
RIWH  ,3,42.01667,-70.19334,3/17/2001
RIWH  ,1,42.02000,-70.16833,3/17/2001
RIWH  ,2,42.03333,-70.17667,3/17/2001
RIWH  ,2,42.00667,-70.16333,3/17/2001
RIWH  ,3,42.01000,-70.18000,3/17/2001
RIWH  ,2,42.00500,-70.16000,3/17/2001
RIWH  ,1,42.00333,-70.16000,3/17/2001
RIWH  ,1,42.01667,-70.10167,3/17/2001
RIWH  ,2,42.02167,-70.17500,3/17/2001
RIWH  ,3,42.04667,-70.16333,3/17/2001
RIWH  ,2,42.01833,-70.29333,3/17/2001
RIWH  ,1,41.97333,-70.29166,3/17/2001
RIWH  ,1,42.01167,-70.12167,2/12/2001
RIWH  ,3,41.99000,-70.19334,2/12/2001
RIWH  ,1,41.98833,-70.20000,2/12/2001
RIWH  ,1,42.00000,-70.19167,2/12/2001
RIWH  ,1,42.00167,-70.20834,2/12/2001
RIWH  ,1,41.85500,-70.27333,2/12/2001
RIWH  ,1,41.96167,-70.42500,3/20/2001
RIWH  ,2,41.97500,-70.23333,3/26/2001
RIWH  ,1,41.97167,-70.26500,3/26/2001
RIWH  ,1,41.89667,-70.26000,3/26/2001
RIWH  ,1,41.83833,-70.35667,3/26/2001
RIWH  ,1,42.03667,-70.41333,3/29/2001
RIWH  ,1,41.77500,-70.36833,4/4/2001
RIWH  ,1,41.77500,-70.30500,4/4/2001
RIWH  ,1,41.82167,-70.31500,4/4/2001
RIWH  ,1,41.81167,-70.28000,4/4/2001
RIWH  ,1,41.81333,-70.29166,4/4/2001
RIWH  ,1,41.81667,-70.28333,4/4/2001
RIWH  ,1,41.82000,-70.26334,4/4/2001
RIWH  ,1,41.83333,-70.25000,4/4/2001
RIWH  ,1,41.83333,-70.24834,4/4/2001
RIWH  ,2,41.83333,-70.25000,4/4/2001
RIWH  ,1,41.82667,-70.24167,4/4/2001
RIWH  ,2,41.82667,-70.24167,4/4/2001
RIWH  ,1,41.83333,-70.23500,4/4/2001
RIWH  ,2,41.83500,-70.23833,4/4/2001
RIWH  ,1,41.86833,-70.35667,4/4/2001
RIWH  ,1,41.84833,-70.31167,4/4/2001
RIWH  ,1,41.85000,-70.25000,4/4/2001
RIWH  ,1,41.84500,-70.26167,4/4/2001
RIWH  ,1,41.88667,-70.38000,4/4/2001
RIWH  ,2,41.86833,-70.35667,4/4/2001
RIWH  ,2,41.90667,-70.38834,4/4/2001
RIWH  ,1,41.96667,-70.31167,4/4/2001
RIWH  ,2,41.77500,-70.28000,4/6/2001
RIWH  ,1,41.77667,-70.21667,4/6/2001
RIWH  ,1,41.83333,-70.45667,4/6/2001
RIWH  ,1,41.84000,-70.45000,4/6/2001
RIWH  ,2,41.86167,-70.47166,4/6/2001
RIWH  ,1,41.84500,-70.46333,4/6/2001
RIWH  ,2,41.89167,-70.42500,4/6/2001
RIWH  ,3,41.91000,-70.33500,4/11/2001
RIWH  ,1,41.91000,-70.33334,4/11/2001
RIWH  ,1,41.91000,-70.33833,4/11/2001
RIWH  ,2,41.90333,-70.25000,4/11/2001
RIWH  ,1,41.90000,-70.24834,4/11/2001
RIWH  ,1,41.90833,-70.24333,4/11/2001
RIWH  ,1,41.91333,-70.34834,4/11/2001
RIWH  ,1,41.91500,-70.36667,4/11/2001
RIWH  ,1,41.91667,-70.37167,4/11/2001
RIWH  ,1,41.88334,-70.31000,4/10/2001
RIWH  ,2,41.88334,-70.30500,4/10/2001
RIWH  ,2,41.88000,-70.31000,4/10/2001
RIWH  ,2,41.88000,-70.29500,4/10/2001
RIWH  ,2,41.87333,-70.28333,4/10/2001
RIWH  ,1,41.87333,-70.27500,4/10/2001
RIWH  ,2,41.85500,-70.24500,4/10/2001
RIWH  ,1,41.84833,-70.23333,4/10/2001
RIWH  ,1,41.83500,-70.48666,4/10/2001
RIWH  ,1,41.82000,-70.28000,4/10/2001
RIWH  ,3,41.83167,-70.26833,4/10/2001
RIWH  ,1,41.83833,-70.26334,4/10/2001
RIWH  ,1,41.84333,-70.50833,4/10/2001
RIWH  ,1,41.84667,-70.48666,4/10/2001
RIWH  ,3,41.83667,-70.34666,4/16/2001
RIWH  ,1,41.81833,-70.38000,4/16/2001
RIWH  ,1,41.81667,-70.38000,4/16/2001
RIWH  ,1,41.81500,-70.38167,4/16/2001
RIWH  ,1,41.80667,-70.39333,4/16/2001
RIWH  ,1,41.79333,-70.39667,4/16/2001
RIWH  ,2,41.78667,-70.40000,4/16/2001
RIWH  ,1,41.78167,-70.39833,4/16/2001
RIWH  ,1,41.81500,-70.41666,4/16/2001
RIWH  ,1,42.02667,-70.15833,4/17/2001
RIWH  ,1,42.00834,-70.17834,4/17/2001
RIWH  ,3,41.91833,-70.50000,4/17/2001
RIWH  ,1,41.86000,-70.33167,4/17/2001
RIWH  ,2,41.88334,-70.30500,4/17/2001
RIWH  ,1,41.86666,-70.30000,4/17/2001
RIWH  ,2,41.88833,-70.26667,4/17/2001
RIWH  ,1,41.89167,-70.25500,4/17/2001
RIWH  ,1,41.81333,-70.39500,4/17/2001
RIWH  ,1,41.81000,-70.38167,4/17/2001
RIWH  ,2,41.78000,-70.42834,4/17/2001
RIWH  ,1,42.04167,-70.01000,4/20/2001
RIWH  ,2,42.03667,-70.00333,4/20/2001
RIWH  ,1,41.96167,-70.12500,4/20/2001
RIWH  ,2,41.91667,-70.26334,4/20/2001
RIWH  ,2,41.83167,-70.36667,4/20/2001
RIWH  ,1,42.00000,-70.16167,4/23/2001
RIWH  ,1,41.99166,-70.15667,4/23/2001
RIWH  ,1,41.93500,-70.12500,4/23/2001
RIWH  ,2,41.97000,-70.26167,4/23/2001
RIWH  ,2,41.79333,-70.27000,4/23/2001
RIWH  ,1,41.80167,-70.26334,4/23/2001
RIWH  ,2,41.78667,-70.25333,4/23/2001
RIWH  ,1,41.77500,-70.28333,4/23/2001
RIWH  ,1,41.77167,-70.29500,4/23/2001
RIWH  ,2,41.75667,-70.29500,4/23/2001
RIWH  ,1,42.03667,-70.02500,4/29/2001
RIWH  ,1,41.83667,-70.26833,4/29/2001
RIWH  ,2,41.87500,-70.33667,4/29/2001
RIWH  ,2,41.78833,-70.33000,4/29/2001
RIWH  ,1,41.78667,-70.25166,4/29/2001
RIWH  ,3,41.75167,-70.35000,4/29/2001
RIWH  ,1,41.79000,-70.26833,4/29/2001
RIWH  ,1,41.77833,-70.25500,4/29/2001
RIWH  ,1,41.78500,-70.25500,4/29/2001
RIWH  ,1,42.03667,-70.60167,5/1/2001
RIWH  ,1,41.88167,-70.28500,2/7/2002
RIWH  ,1,41.84167,-70.24000,2/14/2002
RIWH  ,1,41.84333,-70.24000,2/14/2002
RIWH  ,1,41.91333,-70.12500,2/23/2002
RIWH  ,1,41.92167,-70.13667,2/23/2002
RIWH  ,1,41.92500,-70.14333,2/23/2002
RIWH  ,1,41.94500,-70.11333,2/23/2002
RIWH  ,2,41.93333,-70.26334,2/22/2002
RIWH  ,1,41.78833,-70.18500,2/25/2002
RIWH  ,2,41.79167,-70.18667,2/25/2002
RIWH  ,1,41.78500,-70.19167,2/25/2002
RIWH  ,3,41.79667,-70.21000,2/25/2002
RIWH  ,1,41.87667,-70.14167,3/1/2002
RIWH  ,1,41.87333,-70.14167,3/1/2002
RIWH  ,3,41.97500,-70.12334,3/5/2002
RIWH  ,1,41.97000,-70.12000,3/5/2002
RIWH  ,2,41.89000,-70.12666,3/2/2002
RIWH  ,3,41.87500,-70.16500,3/2/2002
RIWH  ,2,41.83500,-70.35000,3/2/2002
RIWH  ,2,41.90500,-70.19666,3/7/2002
RIWH  ,2,41.78667,-70.17000,3/15/2002
RIWH  ,1,41.84167,-70.20667,3/15/2002
RIWH  ,1,42.04500,-70.04333,3/25/2002
RIWH  ,5,41.83500,-70.40334,1/25/2003
RIWH  ,1,41.93167,-70.19833,1/26/2003
RIWH  ,1,41.99667,-70.29833,2/6/2003
RIWH  ,2,42.03333,-70.26000,4/7/2003
RIWH  ,2,42.03333,-70.26000,4/7/2003
RIWH  ,1,42.02500,-70.26167,4/7/2003
RIWH  ,3,41.82667,-70.34167,4/21/2003
RIWH  ,1,41.82833,-70.36000,4/21/2003
RIWH  ,2,41.84167,-70.33500,4/21/2003
RIWH  ,2,41.84333,-70.33000,4/21/2003
RIWH  ,4,41.83667,-70.35333,4/21/2003
RIWH  ,3,41.83500,-70.34000,4/21/2003
RIWH  ,1,41.86666,-70.29667,4/21/2003
RIWH  ,1,41.97500,-70.34666,4/14/2003
RIWH  ,1,41.95500,-70.34167,4/14/2003
RIWH  ,1,41.97500,-70.31500,4/14/2003
RIWH  ,1,41.76000,-70.26500,4/25/2003
RIWH  ,3,41.85833,-70.30500,4/25/2003
RIWH  ,3,41.86167,-70.30666,4/25/2003
RIWH  ,1,41.86333,-70.30500,4/25/2003
RIWH  ,1,41.86167,-70.30666,4/25/2003
RIWH  ,1,41.86000,-70.31333,4/25/2003
RIWH  ,1,41.86000,-70.31333,4/25/2003
RIWH  ,1,41.88167,-70.28000,4/25/2003
RIWH  ,1,41.87833,-70.27834,4/25/2003
RIWH  ,1,41.87167,-70.30167,4/25/2003
RIWH  ,1,41.79500,-70.36833,4/28/2003
RIWH  ,3,41.82167,-70.41500,4/28/2003
RIWH  ,2,41.83000,-70.39667,4/28/2003
RIWH  ,2,41.80833,-70.39500,4/28/2003
RIWH  ,1,41.82000,-70.38333,4/28/2003
RIWH  ,1,41.89000,-70.43166,4/28/2003
RIWH  ,2,42.03500,-70.03500,5/5/2003
RIWH  ,1,42.03763,-70.24120,3/21/2010
RIWH  ,1,41.98404,-70.40325,3/21/2010
RIWH  ,1,41.98769,-70.39584,3/21/2010
RIWH  ,1,41.99142,-70.39272,3/21/2010
RIWH  ,1,41.98781,-70.37715,3/21/2010
RIWH  ,1,41.98386,-70.16850,3/21/2010
RIWH  ,2,41.84466,-70.44147,3/21/2010
RIWH  ,1,41.81482,-70.43690,3/21/2010
RIWH  ,1,41.81452,-70.44079,3/21/2010
RIWH  ,1,41.82320,-70.43791,3/21/2010
RIWH  ,4,41.81939,-70.44511,3/21/2010
RIWH  ,1,41.81710,-70.44555,3/21/2010
